<?xml version="1.0" encoding="UTF-8"?>
<!-- 电子申请1.0 -->
<!DOCTYPE cn-application-body SYSTEM "/dtdandxsl/cn-application-body-20080416.dtd">
<cn-application-body lang="zh" country="CN">
	<cn-claims><claim num="1"><claim-text>一种用于功率变换器（106；108；110）的电路（160；300；500），所述电路包括：</claim-text>
			<claim-text>导电元件（162，164；362，364，374，376，378，380；574，576，578）；</claim-text>
			<claim-text>耦合到最接近交流（AC）电源（104）的所述导电元件的第一开关装置(132，582)；</claim-text>
			<claim-text>耦合到最接近直流（DC）链路（112；312）的所述导电元件的电压测量装置（154），其中所述电路在所述交流电源和所述直流链路之间延伸；</claim-text>
			<claim-text>耦合到所述导电元件的DC电压源（152）；</claim-text>
			<claim-text>耦合到所述导电元件的第一电容装置（134；584），所述第一电容装置定位在所述第一开关装置和所述电压测量装置之间；</claim-text>
			<claim-text>耦合到所述导电元件的第二开关装置（132；582），所述第二开关装置定位在所述第一电容装置和所述电压测量装置之间；和</claim-text>
			<claim-text>操作地耦合到所述DC电压源、所述电压测量装置、所述第一开关装置和所述第二开关装置的控制器（120），所述控制器配置成当由所述电压测量装置生成的所测量电压信号基本上表示参考电压值时，断开所述第二开关装置。</claim-text>
		</claim><claim num="2"><claim-text>根据权利要求1所述的电路（160；300；500），其中所述导电元件（162，164；362，364，374，376，378，380；574，576，578）包括​​耦合到至少正DC汇流条（129，329）的第一导电元件（162；362；574）和耦合到至少负DC汇流条（131，331）的第二导电元件（164；364；576），所述电压测量装置配置成测量在所述正DC汇流条和所述负DC汇流条之间延伸的至少一个DC链路装置上的电压。</claim-text>
		</claim><claim num="3"><claim-text>根据权利要求1所述的电路（160；300；500），其中所述第一开关装置(132，582)配置成使所述电路与AC电源（104）隔离。</claim-text>
		</claim><claim num="4"><claim-text>根据权利要求1所述的电路（160；300；500），其中所述DC电压源（152）是配置成使用预定电压值对所述电路供电的DC预充电器（152）。</claim-text>
		</claim><claim num="5"><claim-text>根据权利要求1所述的电路（160；300；500），还包括：</claim-text>
			<claim-text>耦合到所述导电元件（162，164；362，364，374，376，378，380；574，576，578）的第二电容装置（134；584）；和</claim-text>
			<claim-text>耦合到所述导电元件的第三开关装置（132；382；386；582），所述第二电容装置（134；584）定位在所述第二开关装置（132；582）和所述第三开关装置之间，以及所述第三开关装置定位在所述第二电容装置和所述电压测量装置（154）之间。</claim-text>
		</claim><claim num="6"><claim-text>根据权利要求5所述的电路（160；300；500），其中所述第一电容装置（134；584）、所述第二开关装置（132；582）、所述第二电容装置（134；584）和所述第三开关装置（132；382；386；582）限定以嵌套配置交替的多个所述开关装置（132；382；386；582）和多个所述电容装置（134；384；584）。</claim-text>
		</claim><claim num="7"><claim-text>根据权利要求6所述的电路（160；300；500），其中以嵌套配置交替的所述多个所述开关装置（132；382；386；582）和所述多个所述电容装置（134；384；584）配置成顺序地对所述多个电容装置的所述电容装置的每一个供电至相关联的预定电压。</claim-text>
		</claim><claim num="8"><claim-text>根据权利要求1所述的电路（160；300；500），其中所述控制器（120）包括比较器装置（126）。</claim-text>
		</claim><claim num="9"><claim-text>根据权利要求1所述的电路（160；300；500），其中所述控制器（120）包括计算机，其包括处理器（124）和耦合到所述处理器的存储装置（120）。</claim-text>
		</claim><claim num="10"><claim-text>一种电力系统，包括：</claim-text>
			<claim-text>交流（AC）电源（104）；</claim-text>
			<claim-text>直流（DC）链路（112；312）；和</claim-text>
			<claim-text>第一功率变换器（108，110），其包括在所述AC电源和所述DC链路之间延伸的电路（160；300；500），所述电路包括：</claim-text>
			<claim-text>导电元件（162，164；362，364，374，376，378，380；574，576，578）；</claim-text>
			<claim-text>耦合到最接近所述AC电源的所述导电元件的第一开关装置（132；582）；</claim-text>
			<claim-text>耦合到最接近所述DC链路的所述导电元件的电压测量装置（154），其中所述电路在所述AC电源和所述DC链路之间延伸；</claim-text>
			<claim-text>耦合到所述导电元件的DC电压源（152）；</claim-text>
			<claim-text>耦合到所述导电元件的第一电容装置（134；584），所述第一电容装置定位在所述第一开关装置和所述电压测量装置之间；</claim-text>
			<claim-text>耦合到所述导电元件的第二开关装置（132；582），所述第二开关装置定位在所述第一电容装置和所述电压测量装置之间；和</claim-text>
			<claim-text>操作地耦合到所述DC电压源、所述电压测量装置、所述第一开关装置和所述第二开关装置的控制器（120），所述控制器配置成当由所述电压测量装置生成的所测量电压信号基本上表示参考电压值时，断开所述第二开关装置。</claim-text>
		</claim><claim num="11"><claim-text>根据权利要求10所述的电力系统，还包括耦合到所述DC链路的第二功率变换器，所述第二功率变换器与所述第一功率变换器基本上类似。</claim-text>
		</claim><claim num="12"><claim-text>根据权利要求10所述的电力系统，其中所述第一功率变换器和所述第二功率变换器是多电平功率变换器。</claim-text>
		</claim><claim num="13"><claim-text>根据权利要求10所述的电力系统，还包括：</claim-text>
			<claim-text>耦合到所述导电元件的第二电容装置；和</claim-text>
			<claim-text>耦合到所述导电元件的第三开关装置，所述第二电容装置定位在所述第二开关装置和所述第三开关装置之间，以及所述第三开关装置定位在所述第二电容装置和所述电压测量装置之间。</claim-text>
		</claim><claim num="14"><claim-text>根据权利要求13所述的电力系统，其中所述第一电容装置、所述第二开关装置、所述第二电容装置和所述第三开关装置限定以嵌套配置交替的多个所述开关装置和多个所述电容装置。</claim-text>
		</claim><claim num="15"><claim-text>根据权利要求14所述的电力系统，其中以嵌套配置交替的所述多个所述开关装置和所述多个所述电容装置配置成顺序地对所述多个电容装置的所述电容装置的每一个供电至相关联的预定电压。</claim-text>
		</claim></cn-claims></cn-application-body>
