<?xml version="1.0" encoding="UTF-8"?>
<!DOCTYPE cn-application-body SYSTEM "/dtdandxsl/cn-application-body-20080416.dtd"><?xml-stylesheet type="text/xsl" href="/dtdandxsl/showxml.xsl"?><cn-application-body lang="zh" country="CN">
	<cn-drawings>
			<figure id="f0001" num="0001" figure-labels="图1"><img id="if0001" file="HSA0000126913740000011.tif" wi="118" he="225" top="39" left="41" img-content="drawing" img-format="tif" orientation="portrait" inline="no"/>
			</figure>
				<!-- 1 -->
				

			<figure id="f0002" num="0002" figure-labels="图2"><img id="if0002" file="HSA0000126913740000021.tif" wi="144" he="203" top="41" left="31" img-content="drawing" img-format="tif" orientation="portrait" inline="no"/>
			</figure>
				<!-- 2 -->
				

			<figure id="f0003" num="0003" figure-labels="图3"><img id="if0003" file="HSA0000126913740000031.tif" wi="98" he="240" top="25" left="52" img-content="drawing" img-format="tif" orientation="portrait" inline="no"/>
			</figure>
				<!-- 3 -->
				

			<figure id="f0004" num="0004" figure-labels="图4"><img id="if0004" file="HSA0000126913740000041.tif" wi="79" he="206" top="32" left="60" img-content="drawing" img-format="tif" orientation="portrait" inline="no"/>
			</figure>
				<!-- 4 -->
				

			<figure id="f0005" num="0005" figure-labels="图5"><img id="if0005" file="HSA0000126913740000051.tif" wi="114" he="186" top="46" left="44" img-content="drawing" img-format="tif" orientation="portrait" inline="no"/>
			</figure>
				<!-- 5 -->
				

			<figure id="f0006" num="0006" figure-labels="图6A"><img id="if0006" file="HSA0000126913740000061.tif" wi="86" he="191" top="47" left="61" img-content="drawing" img-format="tif" orientation="portrait" inline="no"/>
			</figure>
				<!-- 6 -->
				

			<figure id="f0007" num="0007" figure-labels="图6B"><img id="if0007" file="HSA0000126913740000071.tif" wi="133" he="242" top="25" left="31" img-content="drawing" img-format="tif" orientation="portrait" inline="no"/>
			</figure>
				<!-- 7 -->
				

			<figure id="f0008" num="0008" figure-labels="图7"><img id="if0008" file="HSA0000126913740000081.tif" wi="89" he="230" top="29" left="54" img-content="drawing" img-format="tif" orientation="portrait" inline="no"/>
			</figure>
				<!-- 8 -->
				

			<figure id="f0009" num="0009" figure-labels="图8"><img id="if0009" file="HSA0000126913740000091.tif" wi="111" he="239" top="26" left="47" img-content="drawing" img-format="tif" orientation="portrait" inline="no"/>
			</figure>
				<!-- 9 -->
				

			<figure id="f0010" num="0010" figure-labels="图9"><img id="if0010" file="HSA0000126913740000101.tif" wi="90" he="194" top="29" left="59" img-content="drawing" img-format="tif" orientation="portrait" inline="no"/>
			</figure>
				<!-- 10 -->
				

	</cn-drawings>
</cn-application-body>