﻿<?xml version="1.0" encoding="UTF-8"?>
<!DOCTYPE cn-application-body SYSTEM "/dtdandxsl/cn-application-body-20080416.dtd">
<?xml-stylesheet type="text/xsl" href="/dtdandxsl/showxml.xsl"?>
<cn-application-body lang="zh" country="CN">
<cn-abstract><p id = "p0001" num="0001" Italic="0" >本发明涉及一种“J型”水封管式高炉炉顶均压放散工艺，其不同之处在于：在称量料<br/>
罐的均压放散出口串联接一J型水封管作为终端，通过调整J型水封管内水封的液面高度来<br/>
完成均压放散的过程。本发明的有益效果是：从根本上改变了传统的均压放散工艺，解决了<br/>
荒煤气的对空排放问题，用空气的排放代替了煤气的排放，并且简化了原有的工艺、设备、<br/>
材料，操作简单，降低了固定投资，节约了生产运行成本。此方法完全杜绝了均压放散过程<br/>
中煤气的对空排放，均压放散过程使用的都是空气，不污染环境，本工艺的作用显而易见。<br/>
				<!-- 1 -->
				<pb pnum="1"/>
</p>

</cn-abstract>

</cn-application-body>
