<?xml version="1.0" encoding="UTF-8"?>
<!DOCTYPE cn-application-body SYSTEM "/dtdandxsl/cn-application-body-20080416.dtd"><?xml-stylesheet type="text/xsl" href="/dtdandxsl/showxml.xsl"?><cn-application-body lang="zh" country="CN">
	<cn-claims>
			<claim id="cl001" num="1">
<claim-text>一种用于废动力电池内芯的规则形状破碎切割装置，其特征在于：包括机架(1)、破碎<br/>
装置(2)、传送带装置(3)、推杆机构(4)、刀具装置(5)和驱动装置(6)；所述机架(1)<br/>
包括进料斗(11)和机架本体(12)，所述机架本体(12)为方管和角铁焊接的长方体框架<br/>
结构，机架本体(12)的上方安装破碎装置(2)和刀具装置(5)，机架本体(12)内部安<br/>
装推杆机构(4)，破碎装置(2)的上方连接进料斗(11)，破碎装置(2)的下方连接传送<br/>
带装置(3)；<br/>
</claim-text>
<claim-text>所述驱动装置(6)安装在机架本体(12)的下侧横梁上，所述驱动装置(6)包括电机(61)；<br/>
所述电机(61)通过传动胶带与推杆机构(4)一端连接，且驱动推杆机构(4)上下运动，<br/>
并带动刀具装置(5)上的刀片(52)做上下切割运动；推杆机构(4)另一端分别通过传动<br/>
胶带与破碎装置(2)、传送带装置(3)连接；所述传送带装置(3)设有输送带(33)；<br/>
</claim-text>
<claim-text>工作时，启动电机(61)，废动力电池进入进料斗(11)，废动力电池的内芯隔膜、涂布有钴<br/>
酸锂粉末正极铝箔集流体、涂布有碳粉的负极铜箔集流体经过破碎装置(2)破碎后形成长<br/>
条状的片状物料，所述片状物料落入下方的输送带(33)，输送带(33)将所述片状物料匀<br/>
速地运动到刀具装置(5)的下方，刀片(52)在推杆机构(4)的推动下对所述片状物料均<br/>
匀切割为块状物料。<br/>
</claim-text>
			</claim>
			<claim id="cl002" num="2">
<claim-text>根据权利要求1所述的一种用于废动力电池内芯的规则形状破碎切割装置，其特征在于：<br/>
所述破碎装置(2)包括主动滚刀(21)、从动滚刀(22)、四个滚轴轴承座(23)、主动带轮<br/>
(24)和从动齿轮(25)；所述主动滚刀(21)、从动滚刀(22)为水平方向平行布置，所述<br/>
主动滚刀(21)、从动滚刀(22)的两端轴颈均安装在一个滚轴轴承座(23)的轴承孔内，<br/>
主动滚刀(21)、从动滚刀(22)的传动端端部分别连接主动带轮(24)、从动齿轮(25)，<br/>
所述主动带轮(24)设有两个皮带槽和主动齿轮，所述主动齿轮与从动齿轮(25)啮合，主<br/>
动滚刀(21)与从动滚刀(22)相对旋转形成碾压和切割。<br/>
</claim-text>
			</claim>
			<claim id="cl003" num="3">
<claim-text>根据权利要求2所述的一种用于废动力电池内芯的规则形状破碎切割装置，其特征在于：<br/>
所述主动滚刀(21)、从动滚刀(22)上分别焊接若干个主动刀盘(211)、从动刀盘(221)，<br/>
所述主动刀盘(211)、从动刀盘(221)结构相同，且数量、尺寸相等，错位布置；主动刀<br/>
盘(211)、从动刀盘(221)外圆圆周上均设有四把辊刀(26)，每一把辊刀(26)中间开有<br/>
一个等腰三角形的凹槽，相邻两个主动刀盘(211)的距离为主动刀盘(211)的宽度+间隙，<br/>
所述间隙为1～2mm。<br/>
</claim-text>
			</claim>
			<claim id="cl004" num="4">
<claim-text>根据权利要求3所述的一种用于废动力电池内芯的规则形状破碎切割装置，其特征在于：<br/>
				<!-- 1 -->
				
所述传送带装置(3)包括链轮轴带轮(31)、六个菱形带座外球面轴承(32)、两根链条<br/>
(34)、六个链轮(35)和若干根支撑钢管(36)；相邻两根支撑钢管(36)的中心距为20mm，<br/>
均匀地点焊在链条(34)上，所述输送带(33)为闭环套装在支撑钢管(36)上；六个菱形<br/>
带座外球面轴承(32)分两排安装在机架本体(12)上。<br/>
</claim-text>
			</claim>
			<claim id="cl005" num="5">
<claim-text>根据权利要求4所述的一种用于废动力电池内芯的规则形状破碎切割装置，其特征在于：<br/>
所述推杆机构(4)包括两个凸轮(41)、平底推杆(42)、第一传动带(43)、凸轮轴左带轮<br/>
(44)、凸轮轴右带轮(45)、第二传动带(46)和第三传动带(47)；<br/>
</claim-text>
<claim-text>所述两个凸轮(41)安装在凸轮轴(411)上，凸轮轴(411)的两端分别安装凸轮轴左带轮<br/>
(44)和凸轮轴右带轮(45)，所述凸轮轴左带轮(44)通过第一传动带(43)与电机(61)<br/>
输出端的电动机带轮(62)连接，且第一传动带(43)中间位置设有皮带张紧轮(63)、所<br/>
述凸轮轴右带轮(45)上设有两个皮带槽，通过所述两个皮带槽分别通过第三传动带(47)<br/>
和主动带轮(24)连接、通过第二传动带(46)与链轮轴带轮(31)连接；所述凸轮轴(411)<br/>
安装在凸轮轴支架(17)上。<br/>
</claim-text>
			</claim>
			<claim id="cl006" num="6">
<claim-text>根据权利要求5所述的一种用于废动力电池内芯的规则形状破碎切割装置，其特征在于：<br/>
所述刀具装置(5)包括刀架(51)、刀片(52)和两个连接螺栓(53)，所述刀架(51)为<br/>
门形结构，两侧的竖直立杆分别插在两个推杆套筒(15)中，所述推杆套筒(15)焊接连接<br/>
在机架本体(12)的上平面；所述刀片(52)上设有两个刀片孔(521)，刀刃(522)位于<br/>
刀片孔(521)的下侧，通过两个连接螺栓(53)将刀片(52)连接在刀架(51)的上横梁<br/>
上。<br/>
</claim-text>
			</claim>
			<claim id="cl007" num="7">
<claim-text>根据权利要求1所述的一种用于废动力电池内芯的规则形状破碎切割装置，其特征在于：<br/>
所述电机(61)为三相交流减速电机，规格为GLF18，额定功率为1.5Kw，配变频电机，终<br/>
端输出转速为15～60rpm。<br/>
</claim-text>
			</claim>
			<claim id="cl008" num="8">
<claim-text>根据权利要求5所述的一种用于废动力电池内芯的规则形状破碎切割装置，其特征在于：<br/>
所述主动带轮(24)、电动机带轮(62)、凸轮轴左带轮(44)、凸轮轴右带轮(45)直径相<br/>
等。<br/>
</claim-text>
			</claim>
			<claim id="cl009" num="9">
<claim-text>根据权利要求4所述的一种用于废动力电池内芯的规则形状破碎切割装置，其特征在于：<br/>
所述输送带(33)采用绿色PVC平面纹带。<br/>
</claim-text>
			</claim>
			<claim id="cl010" num="10">
<claim-text>根据权利要求4所述的一种用于废动力电池内芯的规则形状破碎切割装置，其特征在于：<br/>
所述破碎装置(2)的上方设有保护罩(13)，所述保护罩(13)的上方连接进料斗(11)；<br/>
				<!-- 2 -->
				
所述机架本体(12)上位于链轮轴带轮(31)一侧设有出料斗(16)；所述机架本体(12)<br/>
的长度方向的两端分别设有一块不锈钢机身挡板(14)。<br/>
				<!-- 3 -->
				
</claim-text>
			</claim>
	</cn-claims>
</cn-application-body>