﻿<?xml version="1.0" encoding="UTF-8"?>
<!DOCTYPE cn-application-body SYSTEM "/dtdandxsl/cn-application-body-20080416.dtd">
<?xml-stylesheet type="text/xsl" href="/dtdandxsl/showxml.xsl"?>
<cn-application-body lang="zh" country="CN">
<cn-claims><claim id="cl001" num="1" ><claim-text>“J型”水封管式高炉炉顶均压放散工艺，其特征在于：在称量料罐的均压放散出口<br/>
串联接一J型水封管作为终端，通过调整J型水封管内水封的液面高度来完成均压放散的过<br/>
程，具体操作过程是：在高炉刚投入生产的时候，加满料的称量料罐内的压力是常压，打开<br/>
均压放散出口的均压放散切断阀(9)和旋风卸灰阀(5)后，再打开与J型水封管相连的高<br/>
压空气切断阀(10)，通入高压空气，高压空气推动J型水封管内水封从而压缩称量料罐侧的<br/>
水封的气体体积，使得称量料罐的压力升高到与高炉内相同的压力后，关闭高压空气切断阀<br/>
(10)、均压放散切断阀(9)和旋风卸灰阀(5)，打开称量料罐下部的下料闸(4)即可向高<br/>
炉内加料；进行放散时，先打开均压放散出口的均压放散切断阀(9)后，再打开空气放散阀<br/>
(8，放散水封一侧的压缩空气使得称量料罐一侧的水封气体体积增大，压力降低至大气压力<br/>
后，关闭空气放散阀(8)和切断阀(9)，打开称量料罐的受料闸(11)后即可向称量料罐内<br/>
加料，如此循环以完成均压放散工艺。<br/></claim-text></claim>

<claim id="cl002" num="2" ><claim-text>按权利要求1所述的“J型”水封管式高炉炉顶均压放散工艺，其特征在于：所述的<br/>
J型水封管的管径相同，料罐侧的水封的高度是另一侧水封的高度的2～2.5倍。<br/>
				<!-- 1 -->
				<pb pnum="1"/>
</claim-text></claim>

</cn-claims>

</cn-application-body>
