<?xml version="1.0" encoding="UTF-8"?>
<!DOCTYPE cn-application-body SYSTEM "/dtdandxsl/cn-application-body-20080416.dtd"><?xml-stylesheet type="text/xsl" href="/dtdandxsl/showxml.xsl"?><cn-application-body lang="zh" country="CN">
	<description>
<invention-title>一种血液灌流器的密封检测装置<br/>
</invention-title>
<heading id="h0001" level="2">技术领域<br/>
</heading>
<p id="p0001" num="0001" Italic="0">本发明涉及血液灌流器密封检测领域，特别涉及一种血液灌流器的密封检测装置。<br/>
</p>
<heading id="h0002" level="2">背景技术<br/>
</heading>
<p id="p0002" num="0002" Italic="0">目前，市场上出售的灌流器的内包装袋是普通的未经正压充气的聚合物材质的包装袋，<br/>
这种内包装袋不具备显示袋中灌流器的密封性的功能；基于现行标准规定的灌流器密封性的<br/>
检查不是针对出厂前的成品，因此成品就存在泄漏的隐患；灌流器生产厂商在灌流器的内包<br/>
装袋上警告医务工作者：“包装破损严禁使用袋中的灌流器”，说明内包装袋中的灌流器确实<br/>
存在泄漏的隐患。医务工作者在使用灌流器前，检查内包装袋是否破损不能代替对灌流器密<br/>
封性的检查。因此，需要内包装袋具有显示袋中灌流器的密封性的功能。此外，正压充气的<br/>
内包装袋在防止灌流器在运输和储存过程中的抗震动、抗挤压和抗撞击而破损的性能更加优<br/>
越。<br/>
</p>
<heading id="h0003" level="2">发明内容<br/>
</heading>
<p id="p0003" num="0003" Italic="0">针对现有技术中存在不足，本发明提供了一种血液灌流器的密封检测装置，能方便地、<br/>
有效地、准确地做出判断灌流器密封性能。<br/>
</p>
<p id="p0004" num="0004" Italic="0">本发明是通过以下技术手段实现上述技术目的的。<br/>
</p>
<p id="p0005" num="0005" Italic="0">一种血液灌流器的密封检测装置，包括内包装袋和湿度卡；所述内包装袋内放置血液灌<br/>
流器，所述内包装袋内充正压气体，所述湿度卡嵌入内包装袋表面或者放置在内包装袋内，<br/>
用于检测内包装袋内的湿度。<br/>
</p>
<p id="p0006" num="0006" Italic="0">进一步，所述内包装袋材料为湿气高阻隔聚合物薄膜或湿气高阻隔聚合物多层复合薄膜<br/>
或含Al膜层的聚合物复合膜或表面蒸镀氧化硅的聚合物复合薄膜或化学气相沉积氧化硅的<br/>
聚合物复合薄膜。<br/>
</p>
<p id="p0007" num="0007" Italic="0">进一步，所述内包装袋内正压充气压力为116kPa～130kPa；所述内包装袋承受内压力<br/>
大于等于132kPa。<br/>
</p>
<p id="p0008" num="0008" Italic="0">进一步，所述湿度卡为无钴相对湿度卡；所述无钴相对湿度卡为多点湿度卡，所述多点<br/>
湿度卡显示值覆蓋范围是：60％～100％，至少为70％～90％；显示值间隔为10％。<br/>
</p>
<p id="p0009" num="0009" Italic="0">进一步，所述内包装袋承受袋内、外压力差：45～96kPa。<br/>
</p>
<p id="p0010" num="0010" Italic="0">一种内包装袋承受袋内、外压力差的设计方法，所述内包装袋承受袋内、外压力差的公<br/>
式为：<br/>
				<!-- 1 -->
				
</p>
<p id="p0011" num="0011" Italic="0">Δ＝(P<sub>imax</sub>－P<sub>omin</sub>)+P<sub>s</sub>，<br/>
</p>
<p id="p0012" num="0012" Italic="0">其中：Δ为内包装袋承受袋内、外压力差；<br/>
</p>
<p id="p0013" num="0013" Italic="0">P<sub>imax</sub>为内包装袋的最大内压力；P<sub>imax</sub>＝P<sub>i</sub>(1+β<sub>T</sub>)，其中，P<sub>i</sub>为内包装袋内充气压力，β<br/>
<sub>T</sub>为温度变化对压力增量系数；<br/>
</p>
<p id="p0014" num="0014" Italic="0">P<sub>omin</sub>为内包装袋的最小外压力；P<sub>omin</sub>＝101.3－ALT<sub>max</sub>×0.1333/12－D<sub>ALT-P</sub>，其中，ALT<sub>max</sub><br/>
为血液灌流器在运输、储存、使用过程中所处的海拔高度，D<sub>ALT-P</sub>为该海拔高度处大气压力<br/>
可能偏离正常值数值；<br/>
</p>
<p id="p0015" num="0015" Italic="0">P<sub>s</sub>为压力裕度，可以取值为8kPa。<br/>
</p>
<p id="p0016" num="0016" Italic="0">进一步，所述温度变化对压力增量系数β<sub>T</sub>的取值范围为0.01-0.05。<br/>
</p>
<p id="p0017" num="0017" Italic="0">本发明的有益效果在于：<br/>
</p>
<p id="p0018" num="0018" Italic="0">1.本发明所述的血液灌流器的密封检测装置，通过所述湿度卡嵌入内包装袋表面或者放<br/>
置在内包装袋内，可以方便地判断血液灌流器密封性，可以方便地、比较准确地判断内包装<br/>
袋是否完好无泄漏。<br/>
</p>
<p id="p0019" num="0019" Italic="0">2.本发明所述的血液灌流器的密封检测装置，通过内包装袋内充正压气体，可以更高效<br/>
地防止血液灌流器在运输和储存过程中可能出现挤压、碰撞而破损。<br/>
</p>
<p id="p0020" num="0020" Italic="0">3.本发明所述的内包装袋承受袋内、外压力差的设计方法，能使内包装袋能承受环境温<br/>
度变化和压力变化。<br/>
</p>
<heading id="h0004" level="2">附图说明<br/>
</heading>
<p id="p0021" num="0021" Italic="0">图1为本发明所述的血液灌流器的密封检测装置的示意图。<br/>
</p>
<p id="p0022" num="0022" Italic="0">图中：<br/>
</p>
<p id="p0023" num="0023" Italic="0">1-血液灌流器；2-湿度卡；3-内包装袋；4-外包装盒。<br/>
</p>
<heading id="h0005" level="2">具体实施方式<br/>
</heading>
<p id="p0024" num="0024" Italic="0">下面结合附图以及具体实施例对本发明作进一步的说明，但本发明的保护范围并不限于<br/>
此。<br/>
</p>
<p id="p0025" num="0025" Italic="0">如图1所示，本发明所述的血液灌流器的密封检测装置，包括内包装袋3和湿度卡2；<br/>
所述内包装袋3内放置血液灌流器1，所述内包装袋3内充正压气体，所述湿度卡2嵌入内<br/>
包装袋3表面或者放置在内包装袋3内，用于检测内包装袋3内的湿度。所述湿度卡2为无<br/>
钴相对湿度卡；所述无钴相对湿度卡为多点湿度卡，所述多点湿度卡显示值覆蓋范围是：<br/>
60％～100％，至少为70％～90％；显示值间隔为10％，在19.5℃±0.5℃准确指示相对湿度，<br/>
充气气源是空气，上述空气经过变色硅胶除湿、压缩和无菌处理后使用，保证充入内包装袋<br/>
3中空气的相对湿度＜50％。若水溶液或水汽从血液灌流器泄漏孔隙或缝隙渗漏到内包装袋3<br/>
				<!-- 2 -->
				
中造成内袋中空气的相对湿度大于80％，依据湿度卡指示的相对湿度值可以判断血液灌流器<br/>
1密封的状态。所述内包装袋3内正压充气压力为116kPa～130kPa；所述内包装袋3承受内<br/>
压力大于等于132kPa。所述内包装袋3承受袋内、外压力差：45～96kPa。上述各部件均经<br/>
过无菌或经灭菌处理。通过检测内袋中空气的相对湿度来判断血液灌流器1的密封性；如果<br/>
血液灌流器1的密封性好，不存在泄漏，内包装袋3中气体的相对湿度将维持在低水平，即<br/>
湿度＜50％；如果血液灌流器1的密封性不好，存在泄漏，内袋中气体的相对湿度将升高到<br/>
较高水平，即湿度≥80％。<br/>
</p>
<p id="p0026" num="0026" Italic="0">所述内包装袋3材料为湿气高阻隔聚合物薄膜或湿气高阻隔聚合物多层复合薄膜或含Al<br/>
膜层的聚合物复合膜或表面蒸镀氧化硅的聚合物复合薄膜或化学气相沉积氧化硅的聚合物复<br/>
合薄膜。使用对湿气高阻隔聚合物薄膜或湿气高阻隔聚合物多层复合薄膜来制造内包装袋以<br/>
消除大气中的水气对检测的干扰。内包装袋3材质可选用聚合物膜如：PE(包含：LLDPE、<br/>
LDPE、HDPE)、PP(包含：OPP、CPP)、PET等；内包装袋3材质可选用聚合物多层复合薄<br/>
膜，如：OPP/LDPE、PET/PP、PET/PE、PET/GT/CPP、PA/LLDPE、BOPP/VMCPP等、内<br/>
包装袋3材质为含Al膜层的聚合物复合膜，如：OPP/PE/Al/PE、OPP/EVA/Al/HDPE、<br/>
PET/Al/PET/PE、等、内包装袋3材质为表面蒸镀或化学气相沉积氧化硅的聚合物复合薄膜，<br/>
例如：SiO<sub>x</sub>-PET、SiO<sub>x</sub>-多层聚合物复合膜等。<br/>
</p>
<p id="p0027" num="0027" Italic="0">本发明选用正压充气内包装袋3，可以更加加强对血液灌流器1在运输和储存过程中出<br/>
现震动、挤压、撞击而出现破损的防护；还可以让使用者很方便地从内袋是否保持正压状态<br/>
判断血液灌流器1的包装袋在运输和储存过程中是否已泄漏或破损。还可以将本发明所述的<br/>
血液灌流器的密封检测装置整体放置在外包装盒内，为了方便运输。<br/>
</p>
<p id="p0028" num="0028" Italic="0">对于封装在干燥的内包装袋3中的血液灌流器1，如果内包装袋3的密封完好，大气中<br/>
的水气不能影响内袋中空气的相对湿度，如果血液灌流器1的密封也完好，它不存在泄漏水<br/>
汽或水溶液的通道，血液灌流器1内的水汽或水溶液就不能泄漏到血液灌流器1外，处于内<br/>
包装袋3中的空气将保持干燥；如果血液灌流器1的密封性有缺陷，它存在泄漏水汽或水溶<br/>
液的通道，血液灌流器1中的水汽或水溶液将通过上述通道渗漏到血液灌流器1外，处于内<br/>
包装袋3中的气体的相对湿度将升高；由于内包装袋3中是一个密闭的空间，在内包装袋3<br/>
的密封完好的情况下，如果血液灌流器1渗漏，内包装袋3中空气的相对湿度可以高达100％；<br/>
从湿度卡指示的相对湿度值可以估计血液灌流器1的密封性的缺陷程度。<br/>
</p>
<p id="p0029" num="0029" Italic="0">理想情况，即内包装袋3对水气具有完全阻隔的性能，实际上构成内包装袋3的膜对水<br/>
气有一定的透过性，因此判断灌流器的密封状态是否泄漏可取以下方法：标准YY 0464-2009<br/>
血液灌流器的储运环境规定RH≯80％；因此内包装袋3中空气的RH应小于80％；如果血液<br/>
				<!-- 3 -->
				
灌流器1有泄漏缺陷，内包装袋3中空气的相对湿度将接近RH 100％；因此，以RH＝90％<br/>
为判据，如果内袋中空气的RH≥90％，则判定其存在泄漏缺陷。<br/>
</p>
<p id="p0030" num="0030" Italic="0">在温度为18℃-20℃对内包装袋3充气，袋内血液灌流器1运输、储存温度≤20℃。内<br/>
袋充气后，灌流器体积和充气体积之比约为1，所述内包装袋3承受袋内和袋外压力差的公<br/>
式为：<br/>
</p>
<p id="p0031" num="0031" Italic="0">Δ＝(P<sub>imax</sub>－P<sub>omin</sub>)+P<sub>s</sub>，<br/>
</p>
<p id="p0032" num="0032" Italic="0">其中：Δ为内包装袋3承受袋内、外压力差；<br/>
</p>
<p id="p0033" num="0033" Italic="0">P<sub>imax</sub>为内包装袋3的最大内压力；P<sub>imax</sub>＝P<sub>i</sub>(1+β<sub>T</sub>)，其中，P<sub>i</sub>为内包装袋3内充<br/>
</p>
<p id="p0034" num="0034" Italic="0">气压力，β<sub>T</sub>为温度变化对压力增量系数，一般0.01-0.05；<br/>
</p>
<p id="p0035" num="0035" Italic="0">P<sub>omin</sub>为内包装袋3的最小外压力；P<sub>omin</sub>＝101.3－ALT<sub>max</sub>×0.1333/12－D<sub>ALT-P</sub>，其<br/>
</p>
<p id="p0036" num="0036" Italic="0">中，ALT<sub>max</sub>为血液灌流器1在运输、储存、使用过程中所处的海拔高度，D<sub>ALT-P</sub>为该海拔<br/>
</p>
<p id="p0037" num="0037" Italic="0">高度处大气压力可能偏离正常值数值，查表可得；<br/>
</p>
<p id="p0038" num="0038" Italic="0">P<sub>s</sub>为压力裕度，可以取值为8kPa。<br/>
</p>
<p id="p0039" num="0039" Italic="0">例如：β<sub>T</sub>取0.01，P<sub>i</sub>＝116kPa，则P<sub>imax</sub>＝P<sub>i</sub>×(1+β<sub>T</sub>)＝116×(1+0.01)＝117kPa；血液灌流<br/>
器1在运输、储存、使用过程中所处的海拔高度ALT<sub>max</sub>＝3650m，P<sub>omin</sub>＝101.3－<br/>
3650(m)×0.1333/12-6＝54kPa，设该过程中ALT<sub>max</sub>的可能偏离正常值的值[D<sub>ALT-P</sub>]＝6kPa，设<br/>
袋内温度变化2℃导致压力变化百分率：±1％，取P<sub>s</sub>为8kPa。内包装袋3承受袋内和袋外<br/>
压力差Δ＝71kPa。<br/>
</p>
<p id="p0040" num="0040" Italic="0">表1为内包装袋3不同材料，在不同海拔高度的下内包装袋3承受袋内和袋外压力差Δ<br/>
的取值范围：<br/>
</p>
<p id="p0041" num="0041" Italic="0">表1内包装袋设计参数<br/>
</p>
<p id="p0042" num="0042" Italic="0"><img id="idf0001" file="BDA0001643714180000041.jpg" wi="156" he="64" top="201" left="31" img-content="drawing" img-format="tif" orientation="portrait" inline="no" img-type="3"/><br/>
</p>
<p id="p0043" num="0043" Italic="0">鉴于在不同条件下，要求内袋承受袋内和袋外压差不同，内包装袋3产品的这一参数可<br/>
设计成多个档次，例如，60kPa、100kPa，以降低成本。表中实例编号1、2、3、8、11和12<br/>
				<!-- 4 -->
				
的湿度卡是嵌入内包装袋3表面的；实例编号4、5、6、7、9和10的湿度卡包封于聚合物<br/>
微孔膜内的。<br/>
</p>
<p id="p0044" num="0044" Italic="0">所述实施例为本发明的优选的实施方式，但本发明并不限于上述实施方式，在不背离本<br/>
发明的实质内容的情况下，本领域技术人员能够做出的任何显而易见的改进、替换或变型均<br/>
属于本发明的保护范围。<br/>
				<!-- 5 -->
				
</p>
	</description>
</cn-application-body>