<?xml version="1.0" encoding="UTF-8"?>
<!DOCTYPE cn-application-body SYSTEM "/dtdandxsl/cn-application-body-20080416.dtd"><?xml-stylesheet type="text/xsl" href="/dtdandxsl/showxml.xsl"?><cn-application-body lang="zh" country="CN">
	<cn-abstract>
<p id="p0001" num="0001" Italic="0">本发明公开了一种用于废动力电池内芯的规则形状破碎切割装置，包括机架、破碎装置、传<br/>
送带装置、推杆机构、刀具装置和驱动装置。所述机架包括进料斗和机架本体，机架本体的<br/>
上方安装破碎装置和刀具装置，机架本体内部安装有推杆机构，破碎装置的上方连接进料斗，<br/>
破碎装置的下方连接传送带装置。所述驱动装置安装在机架本体的下侧横梁上，所述驱动装<br/>
置包括电机61。工作时，启动电机，废动力电池进入进料斗，通过破碎装置破碎后形成长<br/>
条状的片状物，所述片状物料落入下方的输送带，输送带将所述片状物料匀速地运动到刀具<br/>
装置的下方，刀具装置在推杆机构的推动下对所述片状物料均匀切割为块状物料，所述块状<br/>
物料通过出料斗送入收纳容器内。<br/>
				<!-- 1 -->
				
</p>
	</cn-abstract>
</cn-application-body>