<?xml version="1.0" encoding="UTF-8"?>
<!DOCTYPE cn-application-body SYSTEM "/dtdandxsl/cn-application-body-20080416.dtd"><?xml-stylesheet type="text/xsl" href="/dtdandxsl/showxml.xsl"?><cn-application-body lang="zh" country="CN">
	<description>
<invention-title>一种用于废动力电池内芯的规则形状破碎切割装置<br/>
</invention-title>
<heading id="h0001" level="2">技术领域<br/>
</heading>
<p id="p0001" num="0001" Italic="0">本发明属于一种废动力电池回收预处理设备领域，具体地说，它涉及一种用于废动力电池内<br/>
芯的规则形状破碎切割装置。<br/>
</p>
<heading id="h0002" level="2">背景技术<br/>
</heading>
<p id="p0002" num="0002" Italic="0">21世纪以来，世界各国都将新能源汽车的开发作为一项极为重要的工作。纯电动汽车在市<br/>
场的大量推广，使得其核心零件动力电池的生产商业越来越多，截止2018年，我国动力电<br/>
池生产产能已进入世界前三位，而且各企业仍在计划大规模扩大产能。虽然现在动力电池还<br/>
没进入大规模报废阶段，但近几年其产销量的大幅度提升，未来几年必将会产生大量的报废<br/>
动力电池。据估计，我国仅由纯电动与混合动力乘用车产生的动力电池报废量在2020年左<br/>
右将累计有12～17万吨的规模。这么多淘汰下来的报废动力电池将何去何从，成为亟待解决<br/>
的重要问题。然而我国报废电池的回收率却不足2％，相比于迅猛增长的电动汽车及配套产<br/>
业，对报废动力电池回收再利用的研究进程却严重滞后。可见，在未来一段时间内，报废动<br/>
力电池的回收利用问题将会成为重要的关注点。<br/>
</p>
<p id="p0003" num="0003" Italic="0">废动力电池机械式回收过程主要分为预处理阶段和风选筛分两个阶段，其中预处理阶段经历<br/>
破碎、超声波清洗、球状处理三个流程，风选阶段是针对预处理阶段破碎清洗出的不同质量<br/>
和形状系数的铜箔和铝箔，利用不同质量的铜箔和铝箔具有不同的空气动力学特性，在风力<br/>
作用下铜箔和铝箔漂移距离不同从而实现分类。目前预处理阶段中破碎环节破碎出的物料存<br/>
在粒径大小和形状分布极为不均匀的问题，这将直接影响废动力电池机械回收过程中的风选<br/>
筛分环节，使其风选筛分效率低。<br/>
</p>
<heading id="h0003" level="2">发明内容<br/>
</heading>
<p id="p0004" num="0004" Italic="0">本发明的主要目的在于针对废动力电池预处理阶段中破碎环节破碎出的物料存在粒径大小<br/>
和形状分布极为不均匀的问题，提供了一种用于废动力电池内芯的规则形状破碎切割装置。<br/>
一种用于废动力电池内芯的规则形状破碎切割装置，包括机架1、破碎装置2、传送带装置<br/>
3、推杆机构4、刀具装置5和驱动装置6。所述机架1包括进料斗11和机架本体12，所述<br/>
机架本体12为方管和角铁焊接的长方体框架结构，机架本体12的上方安装破碎装置2和刀<br/>
具装置5，机架本体12内部安装推杆机构4，破碎装置2的上方连接进料斗11，破碎装置2<br/>
的下方连接传送带装置3。<br/>
</p>
<p id="p0005" num="0005" Italic="0">所述驱动装置6安装在机架本体12的下侧横梁上，所述驱动装置6包括电机61。<br/>
				<!-- 1 -->
				
</p>
<p id="p0006" num="0006" Italic="0">所述电机61通过传动胶带与推杆机构4一端连接，且驱动推杆机构4上下运动，并带动刀<br/>
具装置5上的刀片52做上下切割运动。推杆机构4另一端分别通过传动胶带与破碎装置2、<br/>
传送带装置3连接。所述传送带装置3设有输送带33。<br/>
</p>
<p id="p0007" num="0007" Italic="0">工作时，启动电机61，废动力电池进入进料斗11，废动力电池的内芯隔膜、涂布有钴酸锂<br/>
粉末正极铝箔集流体、涂布有碳粉的负极铜箔集流体经过破碎装置2破碎后形成长条状的<br/>
片状物料，所述片状物料落入下方的输送带33，输送带33将所述片状物料匀速地运动到刀<br/>
具装置5的下方，刀片52在推杆机构4的推动下对所述片状物料均匀切割为块状物料。<br/>
</p>
<p id="p0008" num="0008" Italic="0">进一步限定的技术方案如下：<br/>
</p>
<p id="p0009" num="0009" Italic="0">所述破碎装置2包括主动滚刀21、从动滚刀22、四个滚轴轴承座23、主动带轮24和从动<br/>
齿轮25。所述主动滚刀21、从动滚刀22为水平方向平行布置，所述主动滚刀21、从动滚<br/>
刀22的两端轴颈均安装在一个滚轴轴承座23的轴承孔内，主动滚刀21、从动滚刀22的传<br/>
动端端部分别连接主动带轮24、从动齿轮25，所述主动带轮24设有两个皮带槽和主动齿轮，<br/>
所述主动齿轮与从动齿轮25啮合，主动滚刀21与从动滚刀22相对旋转形成碾压和切割。<br/>
所述主动滚刀21、从动滚刀22上分别焊接若干个主动刀盘211、从动刀盘221，所述主动<br/>
刀盘211、从动刀盘221结构相同，且数量、尺寸相等，错位布置。主动刀盘211、从动刀<br/>
盘221外圆圆周上均设有四把辊刀26，每一把辊刀26中间开有一个等腰三角形的凹槽，相<br/>
邻两个主动刀盘211的距离为主动刀盘211的宽度+间隙，所述间隙为1～2mm。<br/>
</p>
<p id="p0010" num="0010" Italic="0">所述传送带装置3包括链轮轴带轮31、六个菱形带座外球面轴承32、两根链条34、六个链<br/>
轮35和若干根支撑钢管36。相邻两根支撑钢管36的中心距为20mm，均匀地点焊在链条34<br/>
上，所述输送带33为闭环套装在支撑钢管36上。六个菱形带座外球面轴承32分两排安装<br/>
在机架本体12上。<br/>
</p>
<p id="p0011" num="0011" Italic="0">所述推杆机构4包括两个凸轮41、平底推杆42、第一传动带43、凸轮轴左带轮44、凸轮轴<br/>
右带轮45、第二传动带46和第三传动带47。<br/>
</p>
<p id="p0012" num="0012" Italic="0">所述两个凸轮41安装在凸轮轴411上，凸轮轴411的两端分别安装凸轮轴左带轮44和凸轮<br/>
轴右带轮45，所述凸轮轴左带轮44通过第一传动带43与电机61输出端的电动机带轮62<br/>
连接，且第一传动带43中间位置设有皮带张紧轮63、所述凸轮轴右带轮45上设有两个皮<br/>
带槽，通过所述两个皮带槽分别通过第三传动带47和主动带轮24连接、通过第二传动带<br/>
46与链轮轴带轮31连接。所述凸轮轴411安装在凸轮轴支架17上。<br/>
</p>
<p id="p0013" num="0013" Italic="0">所述刀具装置5包括刀架51、刀片52和两个连接螺栓53，所述刀架51为门形结构，两侧<br/>
				<!-- 2 -->
				
的竖直立杆分别插在两个推杆套筒15中，所述推杆套筒15焊接连接在机架本体12的上平<br/>
面。所述刀片52上设有两个刀片孔521，刀刃522位于刀片孔521的下侧，通过两个连接<br/>
螺栓53将刀片52连接在刀架51的上横梁上。<br/>
</p>
<p id="p0014" num="0014" Italic="0">所述电机61为为三相交流减速电机，规格为GLF18，额定功率为1.5Kw，配变频电机，终端<br/>
输出转速为15～60rpm。<br/>
</p>
<p id="p0015" num="0015" Italic="0">所述主动带轮24、电动机带轮62、凸轮轴左带轮44、凸轮轴右带轮45直径相等。<br/>
</p>
<p id="p0016" num="0016" Italic="0">所述输送带33采用绿色PVC平面纹带。<br/>
</p>
<p id="p0017" num="0017" Italic="0">所述破碎装置2的上方设有保护罩13，所述保护罩13的上方连接进料斗11。所述机架本体<br/>
12上位于链轮轴带轮31一侧设有出料斗16。所述机架本体12的长度方向的两端分别设有<br/>
一块不锈钢机身挡板14。<br/>
</p>
<p id="p0018" num="0018" Italic="0">本发明的有益技术效果是:<br/>
</p>
<p id="p0019" num="0019" Italic="0">(1)本发明的破碎装置和切割处理的废动力电池内芯，其正极铝箔集流体上的钴酸锂粉末、<br/>
负极铜箔集流体上的碳粉经过破碎和切割，传送带上是大小形状规则的片状铜箔与铝<br/>
箔集流体，使得破碎切割产物粒径达到风选机的有效风选的范围，以实现分级风选。<br/>
</p>
<p id="p0020" num="0020" Italic="0">(2)本发明预处理破碎切割出的形状规则的破碎废旧动力电池内芯产物形状大小规则率<br/>
能够达到95％以上，为后续废动力电池风选回收出有用金属提供了可靠地保证，提<br/>
高了风选效率。<br/>
</p>
<heading id="h0004" level="2">附图说明<br/>
</heading>
<p id="p0021" num="0021" Italic="0">图1本发明的结构示意图。<br/>
</p>
<p id="p0022" num="0022" Italic="0">图2本发明的内部结构示意图(凸轮推杆运动到最高位置时)。<br/>
</p>
<p id="p0023" num="0023" Italic="0">图3本发明的内部结构示意图(凸轮推杆运动到最低位置时)。<br/>
</p>
<p id="p0024" num="0024" Italic="0">图4本发明的破碎装置示意图。<br/>
</p>
<p id="p0025" num="0025" Italic="0">图5本发明的破碎装置的主动滚刀和从动滚刀纵向剖视图。<br/>
</p>
<p id="p0026" num="0026" Italic="0">图6本发明的主动刀盘示意图。<br/>
</p>
<p id="p0027" num="0027" Italic="0">图7本发明的传送带装置结构示意图。<br/>
</p>
<p id="p0028" num="0028" Italic="0">图8本发明的传送带装置内部结构示意图。<br/>
</p>
<p id="p0029" num="0029" Italic="0">图9本发明的凸轮推杆结构示意图。<br/>
</p>
<p id="p0030" num="0030" Italic="0">图10本发明的刀架与凸轮推杆及推杆套筒与机架连接示意图。<br/>
</p>
<p id="p0031" num="0031" Italic="0">图11本发明的刀片结构示意图。<br/>
				<!-- 3 -->
				
</p>
<p id="p0032" num="0032" Italic="0">图中序号：机架1、进料斗11、机架本体12、保护罩13、不锈钢机身挡板14、推杆套筒15、<br/>
出料斗16、凸轮轴支架17、破碎装置2、主动滚刀21、主动刀盘211、从动滚刀22、从动<br/>
刀盘221、滚轴轴承座23、主动带轮24、从动齿轮25、辊刀26、传送带装置3、链轮轴带<br/>
轮31、菱形带座外球面轴承32、输送带33、链条34、链轮35、支撑钢管36、推杆机构4、<br/>
凸轮41、凸轮轴411、平底推杆42，第一传动带43、凸轮轴左带轮44、凸轮轴右带轮45、<br/>
第二传动带46、第三传动带47、刀具装置5、刀架51、刀片52、刀片孔521、刀刃522、<br/>
连接螺栓53、驱动装置6、电机61、电动机带轮62、皮带张紧轮63、片状物料7、块状物<br/>
料8。<br/>
</p>
<heading id="h0005" level="2">具体实施方式<br/>
</heading>
<p id="p0033" num="0033" Italic="0">下面结合附图，通过实施例对本发明作进一步地说明。<br/>
</p>
<p id="p0034" num="0034" Italic="0">实施例一<br/>
</p>
<p id="p0035" num="0035" Italic="0">参见图1～图6,一种用于废动力电池内芯的规则形状破碎切割装置，包括机架1、破碎装<br/>
置2、传送带装置3、推杆机构4、刀具装置5和驱动装置6。所述机架1包括进料斗11和<br/>
机架本体12，机架本体12的上方安装破碎装置2和刀具装置5，机架本体12内部安装有推<br/>
杆机构4，破碎装置2的上方连接进料斗11，破碎装置2的下方连接传送带装置3。所述驱<br/>
动装置6安装在机架本体12的下侧横梁上，所述驱动装置6包括电机61。<br/>
</p>
<p id="p0036" num="0036" Italic="0">所述破碎装置2包括主动滚刀21、从动滚刀22、四个滚轴轴承座23、主动带轮24和从动<br/>
齿轮25。所述主动滚刀21、从动滚刀22为水平方向平行布置，所述主动滚刀21、从动滚<br/>
刀22的两端轴颈均安装在一个滚轴轴承座23的轴承孔内，主动滚刀21、从动滚刀22的传<br/>
动端端部分别连接主动带轮24、从动齿轮25，所述主动带轮24设有两个皮带槽和主动齿轮，<br/>
所述主动齿轮与从动齿轮25啮合，主动滚刀21与从动滚刀22相对旋转形成碾压和切割。<br/>
所述主动滚刀21、从动滚刀22上分别焊接若干个主动刀盘211、从动刀盘221，所述主动<br/>
刀盘211、从动刀盘221结构相同，且数量、尺寸相等，错位布置。主动刀盘211、从动刀<br/>
盘221外圆圆周上均设有四把辊刀26，每一把辊刀26中间开有一个等腰三角形的凹槽，相<br/>
邻两个主动刀盘211的距离为主动刀盘211的宽度+间隙，所述间隙为2mm。<br/>
</p>
<p id="p0037" num="0037" Italic="0">所述电机61为为三相交流减速电机，规格为GLF18，额定功率为1.5Kw，配变频电机，终端<br/>
输出转速为15～60rpm。<br/>
</p>
<p id="p0038" num="0038" Italic="0">所述破碎装置2的上方设有保护罩13，所述保护罩13的上方连接进料斗11。所述机架本体<br/>
12上位于链轮轴带轮31一侧设有出料斗16。所述机架本体12的长度方向的两端分别设有<br/>
				<!-- 4 -->
				
一块不锈钢机身挡板14。<br/>
</p>
<p id="p0039" num="0039" Italic="0">参见图7～图9，所述传送带装置3包括链轮轴带轮31、六个菱形带座外球面轴承32、两根<br/>
链条34、六个链轮35、若干根支撑钢管36。相邻两根支撑钢管36的中心距为20mm，均匀<br/>
地点焊在链条34上，所述输送带33为闭环套装在支撑钢管36上。六个菱形带座外球面轴<br/>
承32分两排安装在机架本体12上。所述输送带33采用绿色PVC平面纹带，此种材质具有<br/>
自重量轻、强度高、延伸率小、耐寒耐油耐酸碱耐腐蚀、抗静电的特性。<br/>
</p>
<p id="p0040" num="0040" Italic="0">所述推杆机构4包括两个凸轮41、平底推杆42、第一传动带43、凸轮轴左带轮44、凸轮轴<br/>
右带轮45、第二传动带46和第三传动带47。<br/>
</p>
<p id="p0041" num="0041" Italic="0">所述两个凸轮41安装在凸轮轴411上，凸轮轴411的两端分别安装凸轮轴左带轮44和凸轮<br/>
轴右带轮45，所述凸轮轴左带轮44通过第一传动带43与电机61输出端的电动机带轮62<br/>
连接，且第一传动带43中间位置设有皮带张紧轮63、所述凸轮轴右带轮45上设有两个皮<br/>
带槽，通过所述两个皮带槽分别通过第三传动带47和主动带轮24连接、通过第二传动带<br/>
46与链轮轴带轮31连接。所述凸轮轴411安装在凸轮轴支架17上。<br/>
</p>
<p id="p0042" num="0042" Italic="0">参见图10和图11，所述刀具装置5包括刀架51、刀片52和两个连接螺栓53，所述刀架51<br/>
为门形结构，两侧的竖直立杆分别插在两个推杆套筒15中，所述推杆套筒15焊接连接在机<br/>
架本体12的上平面。所述刀片52上设有两个刀片孔521，刀刃522位于刀片孔521的下<br/>
侧，通过两个连接螺栓53将刀片52连接在刀架51的上横梁上。<br/>
</p>
<p id="p0043" num="0043" Italic="0">参见图3，工作时，启动电机61，废动力电池进入进料斗11，废动力电池的内芯隔膜、涂<br/>
布有钴酸锂粉末正极铝箔集流体、涂布有碳粉的负极铜箔集流体经过破碎装置2破碎后形<br/>
成长条状的片状物料7，所述片状物料7落入下方的输送带33，输送带33将所述片状物料<br/>
7匀速地运动到刀具装置5的下方，刀片52在推杆机构4的推动下对所述片状物料7均匀<br/>
切割为块状物料8，所述块状物料8通过出料斗16送入收纳容器内。<br/>
</p>
<p id="p0044" num="0044" Italic="0">以上内容并非对本发明的结构、形状作任何形式上的限制。凡是依据本发明的技术实质对以<br/>
上实施例所作的任何简单修改、等同变化与修饰，均仍属于本发明技术方案的范围内。<br/>
				<!-- 5 -->
				
</p>
	</description>
</cn-application-body>