﻿<?xml version="1.0" encoding="UTF-8"?>
<!DOCTYPE cn-application-body SYSTEM "/dtdandxsl/cn-application-body-20080416.dtd">
<?xml-stylesheet type="text/xsl" href="/dtdandxsl/showxml.xsl"?>
<cn-application-body lang="zh" country="CN">
<cn-abstract><cn-abst-figure>
<figure id="f0001"  num="0001" ><img id="iaf0001" file="EDA0000023917180000011.tif" wi="100" he="221" top= "27" left = "59" img-content="drawing" img-format="tif" orientation="portrait" inline="no"/></figure>
				<!-- 1 -->
				<pb pnum="1"/>
</cn-abst-figure>

</cn-abstract>

</cn-application-body>
