<?xml version="1.0" encoding="UTF-8"?>
<!DOCTYPE cn-application-body SYSTEM "/dtdandxsl/cn-application-body-20080416.dtd"><?xml-stylesheet type="text/xsl" href="/dtdandxsl/showxml.xsl"?><cn-application-body lang="zh" country="CN">
	<cn-abstract>
<p id="p0001" num="0001" Italic="0">本发明提供了一种血液灌流器的密封检测装置，包括内包装袋和湿度卡；所述内包装袋<br/>
内放置血液灌流器，所述内包装袋内充正压气体，所述湿度卡嵌入内包装袋表面或者放置在<br/>
内包装袋内，用于检测内包装袋内的湿度。所述内包装袋内正压充气压力为116kPa～130kPa；<br/>
所述内包装袋承受内压力大于等于132kPa。本发明可以方便地判断血液灌流器密封性，可以<br/>
方便地、比较准确地判断内包装袋是否完好无泄漏。<br/>
				<!-- 1 -->
				
</p>
	</cn-abstract>
</cn-application-body>