<?xml version="1.0" encoding="UTF-8"?>
<!DOCTYPE cn-application-body SYSTEM "/dtdandxsl/cn-application-body-20080416.dtd"><?xml-stylesheet type="text/xsl" href="/dtdandxsl/showxml.xsl"?><cn-application-body lang="zh" country="CN">
	<cn-claims>
			<claim id="cl001" num="1">
<claim-text>一种利用螺杆式空压机、膨胀机的液体温差发电系统，其特征在于，包<br/>
括：螺杆式膨胀机(1)、螺杆式空压机(2)、高压气体缓冲罐(7)、低压气体缓<br/>
冲罐(8)、第一液体罐(31)、第二液体罐(32)、第一迁移机构(41)、第二迁<br/>
移机构(42)、第一气液分离罐(51)、第二气液分离罐(52)、第一换热装置(61)、<br/>
第二换热装置(62)、加热装置(91)、散热装置(92)、第一电动机(M1)、第<br/>
二电动机(M2)、第一发电机(G1)、第二发电机(G2)和主轴发电设备(G4)；<br/>
其中螺杆式膨胀机(1)上设有第一进液口(11)、第一进气口(12)、第一排气<br/>
口(13)、第一阴转子(14)和第一阳转子(15)；螺杆式空压机(2)上设有第<br/>
二进液口(21)、第二进气口(22)、第二排气口(23)、第二阴转子(24)和第<br/>
二阳转子(25)；<br/>
</claim-text>
<claim-text>高压气体缓冲罐(7)的气体出口、第一进气口(12)、第一排气口(13)、<br/>
第一气液分离罐(51)的入口，第一气液分离罐(51)的气体出口、第一迁移机<br/>
构(41)、低压气体缓冲罐(8)的气体入口、低压气体缓冲罐(8)的气体出口、<br/>
第二进气口(22)、第二排气口(23)、第二气液分离罐(52)的入口、第二气液<br/>
分离罐(52)的气体出口、第二迁移机构(42)和高压气体缓冲罐(7)的气体<br/>
入口顺序相连；<br/>
</claim-text>
<claim-text>高压气体缓冲罐(7)内储存有第一温度范围的液体和高压气体；<br/>
</claim-text>
<claim-text>低压气体缓冲罐(8)内储存有第二温度范围的液体和低压气体；<br/>
</claim-text>
<claim-text>第一液体罐(31)内储存有第一温度范围的液体，第一液体罐(31)的出口<br/>
通过第一电动机(M1)分别与第一进液口(11)和高压气体缓冲罐(7)的液体<br/>
入口相连；第一气液分离罐(51)的液体出口通过第一发电机(G1)与第一液<br/>
体罐(31)的入口相连；<br/>
</claim-text>
<claim-text>第二液体罐(32)内储存有第二温度范围的液体，第二液体罐(32)的出口<br/>
通过第二电动机(M2)分别与第二进液口(21)和低压气体缓冲罐(8)的液体<br/>
入口相连；第二气液分离罐(52)的液体出口通过第二发电机(G2)与第二液<br/>
体罐(32)的入口相连；<br/>
</claim-text>
<claim-text>主轴发电设备(G4)的主轴、第一阳转子(15)和第二阳转子(25)同轴。<br/>
</claim-text>
			</claim>
			<claim id="cl002" num="2">
<claim-text>根据权利要求1所述的一种利用螺杆式空压机、膨胀机的液体温差发电<br/>
				<!-- 1 -->
				
系统，其特征在于，温差发电系统还包括：加热装置(91)、散热装置(92)、第<br/>
一换热装置(61)和第二换热装置(62)；其中，加热装置(91)和第一液体罐<br/>
(31)分别与第一换热装置(61)的一侧相连，利用加热装置(91)对第一液体<br/>
罐(31)中的具有第一温度范围的液体进行加热以保持第一温度范围；散热装置<br/>
(92)和第二液体罐(32)分别与第二换热装置(62)的一侧相连，利用散热装<br/>
置(92)对第二液体罐(32)中的具有第二温度范围的液体进行散热以保持第二<br/>
温度范围。<br/>
</claim-text>
			</claim>
			<claim id="cl003" num="3">
<claim-text>根据权利要求1所述的一种利用螺杆式空压机、膨胀机的液体温差发电<br/>
系统，其特征在于，所述第一温度范围高于第二温度范围。<br/>
</claim-text>
			</claim>
			<claim id="cl004" num="4">
<claim-text>根据权利要求1所述的一种利用螺杆式空压机、膨胀机的液体温差发电<br/>
系统，其特征在于，所述第一气液分离罐(51)内储存有螺杆式膨胀机(1)排<br/>
出的低压气体和液体；所述第二气液分离罐(52)内储存有螺杆式空压机(2)<br/>
排出的高压气体和液体；所述第一迁移机构(41)将第一气液分离罐(51)内的<br/>
低压气体迁移至低压气体缓冲罐(8)；所述第二迁移机构(42)将第二气液分离<br/>
罐(52)内的高压气体迁移至高压气体缓冲罐(7)。<br/>
</claim-text>
			</claim>
			<claim id="cl005" num="5">
<claim-text>根据权利要求4所述的一种利用螺杆式空压机、膨胀机的液体温差发电<br/>
系统，其特征在于，所述第一迁移机构(41)为膨胀机(41c)，所述第二迁移机<br/>
构(42)为压缩机(42c)。<br/>
</claim-text>
			</claim>
			<claim id="cl006" num="6">
<claim-text>根据权利要求4所述的一种利用螺杆式空压机、膨胀机的液体温差发电<br/>
系统，其特征在于，所述第一迁移机构(41)为第一气用活塞缸(41b)，第一气<br/>
用活塞缸(41b)上的第一气用活塞杆和第三发电机(G3)相连；所述第二迁移<br/>
机构(42)为第二气用活塞缸(42b)，第二气用活塞缸(42b)上的第二气用活<br/>
塞杆与第三电动机(M3)相连。<br/>
</claim-text>
			</claim>
			<claim id="cl007" num="7">
<claim-text>根据权利要求1所述的一种利用螺杆式空压机、膨胀机的液体温差发电<br/>
				<!-- 2 -->
				
系统，其特征在于，所述第一电动机(M1)和所述第二发电机(G2)的主轴同<br/>
轴，所述第二电动机(M2)和所述第一发电机(G1)的主轴同轴。<br/>
</claim-text>
			</claim>
			<claim id="cl008" num="8">
<claim-text>根据权利要求1所述的一种利用螺杆式空压机、膨胀机的液体温差发电<br/>
系统，其特征在于，所述第一电动机(M1)与所述第一发电机(G1)的主轴同<br/>
轴，且所述第二电动机(M2)与所述第二发电机(G2)的主轴同轴。<br/>
				<!-- 3 -->
				
</claim-text>
			</claim>
	</cn-claims>
</cn-application-body>