<?xml version="1.0" encoding="UTF-8"?>
<!DOCTYPE cn-application-body SYSTEM "/dtdandxsl/cn-application-body-20080416.dtd"><?xml-stylesheet type="text/xsl" href="/dtdandxsl/showxml.xsl"?><cn-application-body lang="zh" country="CN">
	<description>
<invention-title>用于操作功率变换器的系统和方法<br/>
</invention-title>
<heading id="h0001" level="2">技术领域<br/>
</heading>
<p id="p0001" num="0001" Italic="0">本公开的技术领域一般涉及功率变换器设备，并且，更特别地，涉及用于<br/>
操作多电平变换器的系统和方法。<br/>
</p>
<heading id="h0002" level="2">背景技术<br/>
</heading>
<p id="p0002" num="0002" Italic="0">许多已知的多电平功率变换器在遍及各种工业中使用，以及用于多种电力<br/>
变换的多种目的。具体地，术语“多电平变换器”指的是变换器，其能够工作在<br/>
逆变器模式和整流器模式。其中已知使用多电平功率变换器的一个技术领域是<br/>
中压(MV)变速驱动(VSD)行业，其中MV VSD通常部署在许多不同的处<br/>
理设施中，例如诸如发电工业的工业。MV VSD设施在较低能量消耗的情况下<br/>
快速准确地处理控制，通过诸如恒速驱动马达的装置通常是不可实现两种结果。<br/>
</p>
<p id="p0003" num="0003" Italic="0">其中使用已知多电平功率变换器的另一技术领域是电力传输和分配工业。<br/>
已知电力传输和配电设施物理上定位在偏远地理区域中或者其中物理访问是困<br/>
难的地区中。一个示例包括地理上位于在崎岖和/或偏远地区(例如，多山的山<br/>
坡、从电力网的延伸距离、以及淹没例如海上油气开采和恢复安装)的电力传<br/>
输和分配设施。这些已知的电力传输和配电设施中许多包括独立的功率变换组<br/>
合件或系统，其电耦合到交流(AC)电源，例如公用电网。这种已知的独立功<br/>
率变换器组合件包括将由公用发电网传输的AC变换为直流(AC)的整流器部<br/>
分，和将DC变换为预定频率和电压幅值AC的逆变器部分。整流器部分和逆<br/>
变器部分使用可在操作为整流器和操作为逆变器之间转变的多电平功率变换<br/>
器。大多数已知的多电平变换器包括基于半导体的开关元件，例如包括绝缘栅<br/>
双极晶体管(IGBT)的晶闸管。整流器部分和逆变器部分通常经由中压直流<br/>
(MVDC)或高压直流(HYDC)链路电耦合。<br/>
</p>
<p id="p0004" num="0004" Italic="0">各种已知的多电平变换器拓扑结构在使用中或已可用于服务。用于已知多<br/>
电平变换器的许多直流链路包括电容器，以便促进调平DC链路内的直流电压，<br/>
				<!-- 1 -->
				
来稳定多电平变换器之间的功率传输。这些电容器在本文称为“飞跨电容器”<br/>
(flying capacitor)。随着变换器中的开关元件的操作改变，飞跨电容器的电压遍<br/>
及相关联多电平变换器的操作改变。而且，每个开关装置的输出电压图和阻断<br/>
电压是由飞跨电容器的电压来确定。为了得到具有低谐波失真的适当多电平输<br/>
出，并且防止装置获得过压情况，飞跨电容器电压保持在或接近某些电压电平，<br/>
其通常限定为通过多电平变换器的所有操作模式(包含启动)中用于飞跨电容<br/>
器的参考或参考电压。然而，在多电平变换器投入服务之前，飞跨电容器的电<br/>
压值与工作电压相比比较低，并且可低至零伏特。<br/>
</p>
<p id="p0005" num="0005" Italic="0">同样，在多电平变换器开始进行切换之前，飞跨电容器电压首先被预充电<br/>
到参考或接近于参考。另外，开关装置的服务寿命可通过暴露于过电压情况而<br/>
缩短。传统上，预充电过程需要每个飞跨电容的电压传感器。当与多电平变换<br/>
器开关装置相关联的电压电平的额定随着变换器的功率额定增加时，飞跨电容<br/>
器的数量也适当增加。因此，需要更多的电压传感器，这增加了装配和维持多<br/>
电平变换器的成本，以及与控制器相关联的附加输入通道资源进一步抬高成本。<br/>
</p>
<heading id="h0003" level="2">发明内容<br/>
</heading>
<p id="p0006" num="0006" Italic="0">在一个方面，提供了一种用于功率变换的电路。所述电路包括导电元件和<br/>
耦合到最接近交流(AC)电源的所述导电元件的第一开关装置。所述电路还包<br/>
括耦合到最接近直流(DC)链路的所述导电元件的电压测量装置。所述电路在<br/>
所述AC电源和所述直流链路之间延伸。所述电路还包括耦合到所述导电元件<br/>
的DC电压源。所述电路还包括耦合到所述导电元件的第一电容装置。所述第<br/>
一电容装置定位在所述第一开关装置和所述电压测量装置之间。所述电路还包<br/>
括耦合到所述导电元件的第二开关装置。所述第二开关装置定位在所述第一电<br/>
容装置和所述电压测量装置之间。所述电路还包括操作地耦合到所述DC电压<br/>
源、所述电压测量装置、所述第一开关装置和所述第二开关装置的控制器。所<br/>
述控制器配置成当由所述电压测量装置生成的所测量电压信号基本上表示参考<br/>
电压值时，断开所述第二开关装置。<br/>
</p>
<p id="p0007" num="0007" Italic="0">在又一方面，提供了一种操作包括电路的功率变换器的方法。所述电路包<br/>
括最接近交流(AC)电源的第一部分和最接近直流(DC)链路的第二部分。<br/>
				<!-- 2 -->
				
所述方法包括断开最接近所述第一部分的第一开关装置，由此基本上使所述电<br/>
路与所述AC电源电气隔离。所述方法还包括感应最接近所述第二部分的DC<br/>
电压，以及将所述第一电容装置充电到第一预定电压值。所述第一电容装置定<br/>
位在所述第一开关装置和所述第二开关装置之间。所述方法还包括测量最接近<br/>
所述第二部分的所述电压，以及当在所述第二部分感应的所测量电压基本上等<br/>
于第一参考电压值时，断开所述第二开关装置。<br/>
</p>
<p id="p0008" num="0008" Italic="0">在另一方面，提供一种电力系统。所述电力系统包括交流(AC)电源、直<br/>
流(DC)链路和第一功率变换器，所述第一功率变换器包括在所述AC电源和<br/>
所述DC链路之间延伸的电路。所述电路包括导电元件和耦合到最接近所述AC<br/>
电源的所述导电元件的第一开关装置。所述电路还包括耦合到最接近所述DC<br/>
链路的所述导电元件的电压测量装置。所述电路在所述AC电源和所述DC链<br/>
路之间延伸。所述电路还包括耦合到所述导电元件的DC电压源和耦合到所述<br/>
导电元件的第一电容装置。所述第一电容装置定位在所述第一开关装置和所述<br/>
电压测量装置之间。所述电路还包括耦合到所述导电元件的第二开关装置。所<br/>
述第二开关装置定位在所述第一电容装置和所述电压测量装置之间。所述电路<br/>
还包括操作地耦合到所述DC电压源、所述电压测量装置、所述第一开关装置<br/>
和所述第二开关装置的控制器。所述控制器配置成当由所述电压测量装置生成<br/>
的所测量电压信号基本上表示参考电压值时，断开所述第二开关装置。<br/>
</p>
<p id="p0009" num="0009" Italic="0">技术方案1：一种用于功率变换器的电路，所述电路包括：<br/>
</p>
<p id="p0010" num="0010" Italic="0">导电元件；<br/>
</p>
<p id="p0011" num="0011" Italic="0">耦合到最接近交流(AC)电源的所述导电元件的第一开关装置；<br/>
</p>
<p id="p0012" num="0012" Italic="0">耦合到最接近直流(DC)链路的所述导电元件的电压测量装置，其中所述<br/>
电路在所述交流电源和所述直流链路之间延伸；<br/>
</p>
<p id="p0013" num="0013" Italic="0">耦合到所述导电元件的DC电压源；<br/>
</p>
<p id="p0014" num="0014" Italic="0">耦合到所述导电元件的第一电容装置，所述第一电容装置定位在所述第一<br/>
开关装置和所述电压测量装置之间；<br/>
</p>
<p id="p0015" num="0015" Italic="0">耦合到所述导电元件的第二开关装置，所述第二开关装置定位在所述第一<br/>
电容装置和所述电压测量装置之间；和<br/>
</p>
<p id="p0016" num="0016" Italic="0">操作地耦合到所述DC电压源、所述电压测量装置、所述第一开关装置和<br/>
				<!-- 3 -->
				
所述第二开关装置的控制器，所述控制器配置成当由所述电压测量装置生成的<br/>
所测量电压信号基本上表示参考电压值时，断开所述第二开关装置。<br/>
</p>
<p id="p0017" num="0017" Italic="0">技术方案2：根据技术方案1所述的电路，其中所述导电元件包括耦合到至<br/>
少正DC汇流条的第一导电元件和耦合到至少负DC汇流条的第二导电元件，<br/>
所述电压测量装置配置成测量在所述正DC汇流条和所述负DC汇流条之间延<br/>
伸的至少一个DC链路装置上的电压。<br/>
</p>
<p id="p0018" num="0018" Italic="0">技术方案3：根据技术方案1所述的电路，其中所述第一开关装置配置成使<br/>
所述电路与AC电源隔离。<br/>
</p>
<p id="p0019" num="0019" Italic="0">技术方案4：根据技术方案1所述的电路，其中所述DC电压源是配置成使<br/>
用预定电压值对所述电路的供电DC预充电器。<br/>
</p>
<p id="p0020" num="0020" Italic="0">技术方案5：根据技术方案1所述的电路，还包括：<br/>
</p>
<p id="p0021" num="0021" Italic="0">耦合到所述导电元件的第二电容装置；和<br/>
</p>
<p id="p0022" num="0022" Italic="0">耦合到所述导电元件的第三开关装置，所述第二电容装置定位在所述第二<br/>
开关装置和所述第三开关装置之间，以及所述第三开关装置定位在所述第二电<br/>
容装置和所述电压测量装置之间。<br/>
</p>
<p id="p0023" num="0023" Italic="0">技术方案6：根据技术方案5所述的电路，其中所述第一电容装置、所述第<br/>
二开关装置、所述第二电容装置和所述第三开关装置限定以嵌套配置交替的多<br/>
个所述开关装置和多个所述电容装置。<br/>
</p>
<p id="p0024" num="0024" Italic="0">技术方案7：根据技术方案6所述的电路，其中以嵌套配置交替的所述多个<br/>
所述开关装置和所述多个所述电容装置配置成顺序地对所述多个电容装置的所<br/>
述电容装置的每一个供电至相关联的预定电压。<br/>
</p>
<p id="p0025" num="0025" Italic="0">技术方案8：根据技术方案1所述的电路，其中所述控制器包括比较器装置。<br/>
</p>
<p id="p0026" num="0026" Italic="0">技术方案9：根据技术方案1所述的电路，其中所述控制器包括计算机，其<br/>
包括处理器和耦合到所述处理器的存储装置。<br/>
</p>
<p id="p0027" num="0027" Italic="0">技术方案10：一种电力系统，包括：<br/>
</p>
<p id="p0028" num="0028" Italic="0">交流(AC)电源；<br/>
</p>
<p id="p0029" num="0029" Italic="0">直流(DC)链路；和<br/>
</p>
<p id="p0030" num="0030" Italic="0">第一功率变换器，其包括在所述AC电源和所述DC链路之间延伸的电路，<br/>
所述电路包括：<br/>
				<!-- 4 -->
				
</p>
<p id="p0031" num="0031" Italic="0">导电元件；<br/>
</p>
<p id="p0032" num="0032" Italic="0">耦合到最接近所述AC电源的所述导电元件的第一开关装置；<br/>
</p>
<p id="p0033" num="0033" Italic="0">耦合到最接近所述DC链路的所述导电元件的电压测量装置，其中所述电<br/>
路在所述AC电源和所述DC链路之间延伸；<br/>
</p>
<p id="p0034" num="0034" Italic="0">耦合到所述导电元件的DC电压源；<br/>
</p>
<p id="p0035" num="0035" Italic="0">耦合到所述导电元件的第一电容装置，所述第一电容装置定位在所述第一<br/>
开关装置和所述电压测量装置之间；<br/>
</p>
<p id="p0036" num="0036" Italic="0">耦合到所述导电元件的第二开关装置，所述第二开关装置定位在所述第一<br/>
电容装置和所述电压测量装置之间；和<br/>
</p>
<p id="p0037" num="0037" Italic="0">操作地耦合到所述DC电压源、所述电压测量装置、所述第一开关装置和<br/>
所述第二开关装置的控制器，所述控制器配置成当由所述电压测量装置生成的<br/>
所测量电压信号基本上表示参考电压值时，断开所述第二开关装置。<br/>
</p>
<p id="p0038" num="0038" Italic="0">技术方案11：根据技术方案10所述的方法，其中感应最接近所述第二部分<br/>
的DC电压包括对DC预充电装置供电。<br/>
</p>
<p id="p0039" num="0039" Italic="0">技术方案12：根据技术方案10所述的方法，还包括：<br/>
</p>
<p id="p0040" num="0040" Italic="0">将所述第二电容装置充电到第二预定电压值，所述第二电容装置定位在所<br/>
述第二开关装置和第三开关装置之间；和<br/>
</p>
<p id="p0041" num="0041" Italic="0">当在所述第二部分处感应的所测量电压基本上等于第二参考电压值时，断<br/>
开所述第三开关装置。<br/>
</p>
<p id="p0042" num="0042" Italic="0">技术方案13：根据技术方案10所述的方法，其中对第一电容装置充电和断<br/>
开所述第二开关装置包括顺序地对多个电容装置中的每个电容装置供电，并且<br/>
当在所述第二部分处感应的对应所测量电压基本上等于对应的参考电压值时，<br/>
顺序地断开每个第二开关装置。<br/>
</p>
<p id="p0043" num="0043" Italic="0">技术方案14：根据技术方案10所述的方法，其中测量最接近所述第二部分<br/>
的所述电压包括测量在正DC汇流条和负DC汇流条之间延伸的至少一个DC链<br/>
路装置上的所述电压。<br/>
</p>
<p id="p0044" num="0044" Italic="0">技术方案15：一种电力系统，包括：<br/>
</p>
<p id="p0045" num="0045" Italic="0">交流(AC)电源；<br/>
</p>
<p id="p0046" num="0046" Italic="0">直流(DC)链路；和<br/>
				<!-- 5 -->
				
</p>
<p id="p0047" num="0047" Italic="0">第一功率变换器，包括在所述AC电源和所述DC链路之间延伸的电路，<br/>
所述电路包括：<br/>
</p>
<p id="p0048" num="0048" Italic="0">导电元件；<br/>
</p>
<p id="p0049" num="0049" Italic="0">耦合到最接近所述AC电源的所述导电元件的第一开关装置；<br/>
</p>
<p id="p0050" num="0050" Italic="0">耦合到最接近所述DC链路的所述导电元件的电压测量装置，其中所述电<br/>
路在所述AC电源和所述DC链路之间延伸；<br/>
</p>
<p id="p0051" num="0051" Italic="0">耦合到所述导电元件的DC电压源；<br/>
</p>
<p id="p0052" num="0052" Italic="0">耦合到所述导电元件的第一电容装置，所述第一电容装置定位在所述第一<br/>
开关装置和所述电压测量装置之间；<br/>
</p>
<p id="p0053" num="0053" Italic="0">耦合到所述导电元件的第二开关装置，所述第二开关装置定位在所述第一<br/>
电容装置和所述电压测量装置之间；<br/>
</p>
<p id="p0054" num="0054" Italic="0">操作地耦合到所述DC电压源、所述电压测量装置、所述第一开关装置和<br/>
所述第二开关装置的控制器，所述控制器配置成当由所述电压测量装置生成的<br/>
所测量电压信号基本上表示参考电压值时，断开所述第二开关装置。<br/>
</p>
<p id="p0055" num="0055" Italic="0">技术方案16：根据技术方案15所述的电力系统，还包括耦合到所述DC链<br/>
路的第二功率变换器，所述第二功率变换器与所述第一功率变换器基本上类似。<br/>
</p>
<p id="p0056" num="0056" Italic="0">技术方案17：根据技术方案15所述的电力系统，其中所述第一功率变换器<br/>
和所述第二功率变换器是多电平功率变换器。<br/>
</p>
<p id="p0057" num="0057" Italic="0">技术方案18：根据技术方案15所述的电力系统，还包括：<br/>
</p>
<p id="p0058" num="0058" Italic="0">耦合到所述导电元件的第二电容装置；和<br/>
</p>
<p id="p0059" num="0059" Italic="0">耦合到所述导电元件的第三开关装置，所述第二电容装置定位在所述第二<br/>
开关装置和所述第三开关装置之间，以及所述第三开关装置定位在所述第二电<br/>
容装置和所述电压测量装置之间。<br/>
</p>
<p id="p0060" num="0060" Italic="0">技术方案19：根据技术方案18所述的电力系统，其中所述第一电容装置、<br/>
所述第二开关装置、所述第二电容装置和所述第三开关装置限定以嵌套配置交<br/>
替的多个所述开关装置和多个所述电容装置。<br/>
</p>
<p id="p0061" num="0061" Italic="0">技术方案20：根据技术方案19所述的电力系统，其中以嵌套配置交替的所<br/>
述多个所述开关装置和所述多个所述电容装置配置成顺序地对所述多个电容装<br/>
置的所述电容装置的每一个供电至相关联的预定电压。<br/>
				<!-- 6 -->
				
</p>
<heading id="h0004" level="2">附图说明<br/>
</heading>
<p id="p0062" num="0062" Italic="0">当参考附图阅读下面的详细描述时，本公开的这些和其他特征、方面和优<br/>
点将变得更好理解，附图中相似符号附图中表示相似的部分，其中：<br/>
</p>
<p id="p0063" num="0063" Italic="0">图1是示例电力系统的示意图；<br/>
</p>
<p id="p0064" num="0064" Italic="0">图2是可与图1所示的电力系统一起使用的示例多电平功率变换器的一部<br/>
分的示意性模块化视图；<br/>
</p>
<p id="p0065" num="0065" Italic="0">图3是包括图2所示的多电平功率变换器的DC链路和相脚的示例电路的<br/>
示意性模块化视图；<br/>
</p>
<p id="p0066" num="0066" Italic="0">图4是操作图3所示的电路的示例方法的流程图；<br/>
</p>
<p id="p0067" num="0067" Italic="0">图5是如在4图中所示的方法进行的作为时间的函数的图3所示的DC链<br/>
路的电压的变化的图形视图；<br/>
</p>
<p id="p0068" num="0068" Italic="0">图6A是包括图2所示多电平功率变换器的相脚的备选电路的示意性模块化<br/>
视图；<br/>
</p>
<p id="p0069" num="0069" Italic="0">图6B是图6A的延续；<br/>
</p>
<p id="p0070" num="0070" Italic="0">图7是操作图6A和6B所示电路的示例方法的流程图；<br/>
</p>
<p id="p0071" num="0071" Italic="0">图8是包括图2所示多电平功率变换器的相脚的另一个备选电路的示意性<br/>
模块化视图；和<br/>
</p>
<p id="p0072" num="0072" Italic="0">图9是操作图8所示电路的示例方法的流程图。<br/>
</p>
<p id="p0073" num="0073" Italic="0">除非另有指示，本文提供的附图意味着图示本公开实施例的特征。这些特<br/>
征被认为是适用于包含本公开的一个或多个实施例的各种各样的系统。同样，<br/>
附图不意味着由本领域普通技术人员中的那些已知的需要用于本文所公开的实<br/>
施例实施的所有常规特征。<br/>
</p>
<heading id="h0005" level="2">具体实施方式<br/>
</heading>
<p id="p0074" num="0074" Italic="0">在下面的说明书和权利要求书中，将提及许多术语，这些术语将定义为具<br/>
有下面的含义。<br/>
</p>
<p id="p0075" num="0075" Italic="0">除非上下文另有明确指示，单数形式“一”、“一个”、和“所述”包括复数参考。<br/>
</p>
<p id="p0076" num="0076" Italic="0">“可选的”或“可选地”意味着随后所描述的事件或情形可发生或可不发生，并<br/>
				<!-- 7 -->
				
且描述包括其中情况发生的以及其中情况不发生。<br/>
</p>
<p id="p0077" num="0077" Italic="0">如本文整个说明书和权利要求书所使用的近似语言，可用于修改任何定量<br/>
的表示，这些表示能够容许改变，而不导致与其所相关的基本功能的改变。因<br/>
此，通过一个术语或多个术语所修改的值，例如“约”、“大约”、和“基本上”，不<br/>
限定于指定的精确值。在至少一些情况下，近似语言可以对应于用于测量数值<br/>
的仪器的精确度。在这里和在整个说明书和权利要求书中，范围限制可组合和/<br/>
或互换，这类范围被识别，并且除非上下文或语言另有指示，包括在其中所包<br/>
含的所有子范围。<br/>
</p>
<p id="p0078" num="0078" Italic="0">如本文所使用的，术语“处理器”和“计算机”和相关术语，例如“处理装置”、<br/>
“计算装置”、和“控制器”不局限于只有本领域中称为计算机的那些集成电路，而<br/>
是宽泛地称为微控制器、微型计算机、可编程逻辑控制器(PLC)、专用集成电<br/>
路以及其他可编程电路，并且这些术语在本文中可互换使用。在本文所描述的<br/>
实施例中，存储器可包括(但不限于)计算机可读介质，例如随机存取存储器<br/>
(RAM)，以及计算机可读非易失性介质，例如闪存。备选地，也可使用软盘、<br/>
压缩盘-只读存储器(CD-ROM)、磁光盘(MOD)和/或数字通用光盘(DVD)。<br/>
而且，在本文描述的实施例中，附加的输入通道可以是(但不限于)与操作界<br/>
面相关联的计算机外围装置，例如鼠标和键盘。备选地，也可以使用其他计算<br/>
机外围装置，其可包括，例如(但不限于)扫描仪。此外，在示例实施例中，<br/>
附加的输出通道可包括(但不限于)操作者接口监测器。<br/>
</p>
<p id="p0079" num="0079" Italic="0">此外，如本文所使用的，术语“软件”和“固件”是可互换的，并且包括存储在<br/>
存储器中由个人计算机、工作站、客户端和服务器执行的任何计算机程序。<br/>
</p>
<p id="p0080" num="0080" Italic="0">如本文所使用的，术语“非暂时计算机可读媒体”旨在表示以任何方法或技<br/>
术实现用于短期和长期储存的信息(例如，计算机可读指令、数据结构、程序<br/>
模块和子模块、或在任何装置中的其他数据)的任何有形的基于计算机的装置。<br/>
因此，本文描述的方法可被编码为在有形的、非暂时计算机可读介质(包括(但<br/>
不限于)存储装置和/或存储器装置)中体现可运行的指令。当由处理器运行时，<br/>
这类指令使所述处理器至少执行本文描述方法的一部分。此外，如本文所使用<br/>
的，术语“非暂时计算机可读媒体”包括所有有形的计算机可读媒体，包括(但<br/>
不限于)非暂时计算机存储装置，包括(但不限于)易失性和非易失性媒体以<br/>
				<!-- 8 -->
				
及可移动和不可移动媒体，例如固件、物理和虚拟存储、CD-ROM、DVD、以<br/>
及诸如网络或因特网、以及尚待开发的数字部件的任何其他数字源，其中唯一<br/>
的例外是短暂的传播信号。<br/>
</p>
<p id="p0081" num="0081" Italic="0">此外，如本文所使用的，术语“实时”指的是相关联事件发生的时间、预定<br/>
数据测量和收集的时间、处理数据的时间和系统响应于事件和环境的时间中的<br/>
至少一个。本文所描述的实施例中，这些活动和事件基本上瞬间发生。<br/>
</p>
<p id="p0082" num="0082" Italic="0">本文描述的多电平变换器提供用于其中在相关联的多电平变换器投入服务<br/>
时，预充电操作期间减少监测飞跨电容器的操作所需的电压传感器的数量。而<br/>
且，如在本公开的示例实施例中所示的，本文描述的系统和方法不限于任何单<br/>
个的多电平变换器拓扑。例如，本文公开的系统和方法可与多单元变换器(MC)<br/>
拓扑、多单元堆叠变换器(SMC)的拓扑结构、有源中性点钳位(ANPC)变<br/>
换器拓扑、和嵌套中性点试行(NPP)变换器拓扑一起使用。同样，用于飞跨<br/>
电容器的电压传感器的数量减少，并且到相关量控制器的输入/输出(I/O)通道<br/>
数量减少，由此减小了相关联的电缆和线路。同样，配置成本和相关联的处理<br/>
资源减少。因此，装配多电平变换器的成本减少。<br/>
</p>
<p id="p0083" num="0083" Italic="0">图1是示例电力系统100的示意图。电力系统100包括第一交流(AC)电<br/>
源102、第二交流(AC)电源104、和耦合在其之间的多电平变换器106。在一<br/>
些备选实施例中，AC电源104使用负载或负荷系统来替代。多电平变换器106<br/>
包括多电平整流器108、多电平逆变器110和在其之间并且耦合到整流器108<br/>
和逆变器110的直流(DC)链路112。在示例实施例中，多电平整流器108和<br/>
多电平逆变器110是基本上类似的多电平电源变换器，并且配置成从整流操作<br/>
切换到逆变操作，以及反向。因此，AC和DC之间电力变换和相关联的电力传<br/>
输为如箭头114所示的双向。多电平整流器108、多电平逆变器110和DC链路<br/>
112使用任何组件来构造，其具有任何配置，实现电力系统100和多电平变换器<br/>
106如本文所述那样操作。在示例实施例中，电力系统100是具有所示的A相、<br/>
B相、和C相的三相系统。备选地，电力系统100具有实现如本文所述操作的<br/>
任何配置，包括并且不限于，单相和多相(多相或低于三相配置的相)。<br/>
</p>
<p id="p0084" num="0084" Italic="0">多电平变换器106还包括控制器120。控制器120包括存储器装置122和操<br/>
作地耦合到存储器122用于运行指令的处理器124。在一些实施例中，可运行指<br/>
				<!-- 9 -->
				
令存储在存储器装置122中。控制器120可配置成执行一个或多个如本文所述<br/>
的操作。例如，处理器124可通过编码操作为一个或多个可执行指令和在存储<br/>
器装置122中提供可运行指令而被编程。在示例实施例中，存储器装置122是<br/>
能够存储和检索信息例如可执行指令和/或其他数据的一个或多个装置。存储器<br/>
装置122可包括一种或多种计算机可读媒体。存储器装置122可配置成存储与<br/>
电力系统100相关联的操作度量(measurement)，包括但不限于，实时和历史电<br/>
压值、电流值和/或任何其他类型的数据。而且，存储器装置122包括，但不限<br/>
于，促进如本文所述地操作多电平变换器106的充足的数据、算法和指令。在<br/>
一些实施例中，控制器120包括比较器电路126(下面进一步描述)。<br/>
</p>
<p id="p0085" num="0085" Italic="0">图2是可与电力系统100(在图1中示出)一起使用并且在区域2提出(在<br/>
图1中示出)的多电平功率变换器106的一部分的示意性模块化视图。具体地，<br/>
示出多电平逆变器110的一部分和DC链路112的一部分。DC链路112包括<br/>
DC链路装置130，其包括，但不限于，在电容器组中的一个或多个电容器和电<br/>
池装置(均未示出)中的至少一个。在示例实施例中，DC链路112还包括相互<br/>
平行的正DC汇流条129和负DC汇流条131。备选地，DC链路112包括实现<br/>
如本文所述的多电平功率变换器106和电力系统100的操作的任何数量的汇流<br/>
条，包括但不限于三个汇流条，即、正汇流条129、负汇流条131和中性汇流条<br/>
(这种配置在下面进一步讨论)。<br/>
</p>
<p id="p0086" num="0086" Italic="0">多电平逆变器110包括多个开关装置，即，切换器单元132和多个电容装<br/>
置，即电容器单元134。切换器单元132包括任何数量和任何类型的基于半导体<br/>
的开关元件，包括，但不限于，绝缘栅双极晶体管(IGBT)。电容器单元134<br/>
包括飞跨电容器。在示例实施例中，为简单起见，切换器单元132和电容器单<br/>
元134以嵌套的、即串联配置方式示出，该串联配置限定分别用于A相、B相<br/>
和C相的三个基本类似的相脚136、138和140。然而，单元132和134具有实<br/>
现多电平功率变换器106操作的任何配置，例如，但不限于，包括并列单元的<br/>
嵌套配置。<br/>
</p>
<p id="p0087" num="0087" Italic="0">多电平功率变换器106还包括飞跨电容器预充电系统150，其包括DC电压<br/>
装置，即DC预充电器152和电压测量装置154。DC预充电器152通过多个导<br/>
电元件156耦合到相脚136、138和140。因此，DC预充电器152配置成基本<br/>
				<!-- 10 -->
				
上同时对用于所有三个相脚136、138和140的电容器单元134中的所有飞跨电<br/>
容器供电和充电以及直流链路112中的DC链路装置130。电压测量装置154在<br/>
配置上耦合到DC链路装置130，以便于测量在DC链路电压112中沿正DC汇<br/>
流条129和负DC汇流条131延伸的DC链路装置130两端的总电压。电压测<br/>
量装置154是实现多电平功率变换器106和飞跨电容预充电系统150如本文所<br/>
述的操作的任何器件，包括但不限于，电压换能器。飞跨电容器预充电系统150<br/>
还至少包括控制器120的一部分。<br/>
</p>
<p id="p0088" num="0088" Italic="0">图3是电路160的示意性模块化视图，电路包括具有多单元变换器(MC)<br/>
拓扑结构的DC链路112和相脚136。所示出的相脚136和DC链路112的一部<br/>
分形成电路160。相脚138和140(二者均示于图2)基本上类似。因此相关联<br/>
的电路也基本上类似。电路160包括耦合到正DC汇流条129的第一导电元件<br/>
162和耦合到负DC汇流条131的第二导电元件164。第一导电元件162和第二<br/>
导电元件164是相互平行的，由此限定其中第一导电元件162正向充电以及第<br/>
二导电元件164负向充电的双电平电路(two-level circuit)<br/>
</p>
<p id="p0089" num="0089" Italic="0">每个切换器单元132(示出为“S-Cell”)沿元件162和164定位，以促进通<br/>
过断开和中断元件162和164的一部分隔离相关联的电容器单元134(示为<br/>
“C-Cell”)。在示例实施例中，存在总数为“n”个的S-Cell 132以及总数为“n-1”个<br/>
C-cell，其中n是从1开始的正整数。第一开关单元132、即S-Cell 1(n＝1)定<br/>
位在第一部分166最接近即接近于第二交流电源104的A相，并且配置成将相<br/>
脚136中的所有元件与电源104隔离。S-Cell 1由两个开关S<sub>1</sub>表示。电路160<br/>
的第二部分168是由DC链路装置130限定。<br/>
</p>
<p id="p0090" num="0090" Italic="0">而且，在示例实施例中，第一电容单元134，即C-Cell1定位在S-Cell 1和<br/>
电压测量装置154之间，使得其中S-Cell 1处于断开位置，DC预充电器152和<br/>
电源104的A相彼此电气隔离。从2至n的剩余S-Cell是闭合的，由此它们被<br/>
控制为导通。C-Cell 1由电容器C<sub>1</sub>表示。而且，当C-Cell 1由DC预充电器152<br/>
充电后，电压测量装置154生成基本上表示跨充电的C-Cell 1的电压的电压信<br/>
号，并且将信号传输到控制器120。更具体地，电压测量装置154生成基本表示<br/>
跨DC链路装置130的电压的电压信号，其表示基于C-Cell 1和电压测量装置<br/>
154之间的相脚136的已知电气特性，如由控制器120所确定的跨充电C-Cell 1<br/>
				<!-- 11 -->
				
的电压。<br/>
</p>
<p id="p0091" num="0091" Italic="0">第二开关装置即S-Cell 2定位在C-Cell 1与电压测量装置154之间，使得一<br/>
旦C-Cell 1被适当地充电，即达到预定的参考电压时，S-Cell 2配置成断开，以<br/>
将DC预充电器152与C-Cell 1隔离。S-Cell 2由一对开关S<sub>2</sub>表示。控制器120<br/>
根据从电压测量装置154所接收信号生成控制信号以操作开关单元132。C-Cell<br/>
2定位在S-Cell 2和S-Cell 3之间。S-Cell 132和C-Cell 134的这种交替和串联定<br/>
位继续，直到S-Cell n+l接着C-Cell n。<br/>
</p>
<p id="p0092" num="0092" Italic="0">图4是操作电路160的示例方法200的流程图，电路160包括相脚136、<br/>
DC链路装置130、飞跨电容预充电系统150(全部在图3中示出)。<br/>
</p>
<p id="p0093" num="0093" Italic="0">参考图3和4，方法200包括初始化飞跨电容器预充电系统150的第一步骤<br/>
202。初始化202包括设定S-Cell 1的开关装置S<sub>1</sub>为零，即关闭S-Cell 1到与开<br/>
路类似的非导通状态，并设定S-Cell 2的开关装置S<sub>2</sub>直到S-Cell n的开关装置<br/>
S<sub>n</sub>为1，即与闭合开关类似的导通状态。方法200还包括对DC预充电器150供<br/>
电204和由电压测量装置154测量DC链路装置130两端的电压，发送电压信<br/>
号到控制器120，并通过控制器120确定所充电的C-Cell 1的电容装置C<sub>1</sub>两端<br/>
的电压。方法200还包括设定206i等于2(i＝2)。此外，方法200包括通过控<br/>
制器120确定208跨C-Cell 1的预充电电压如上面所述如由电压测量装置154<br/>
测量的DC链路装置130两端的电压，即V<sub>DC</sub>大于或等于用于C-Cell 1的预定参<br/>
考电压，即V<sub>ref，1</sub>，其中每个电容器单元134具有不同的参考电压V<sub>ref，i</sub>，即V<sub>DC</sub>≥V<sub>ref，</sub><br/>
<sub>i</sub>。如果这个条件不满足，则控制器120在预定时间周期之后返回到方法步骤208，<br/>
直到满足条件。<br/>
</p>
<p id="p0094" num="0094" Italic="0">一旦方法步骤208中所述的条件被达到，方法200包括将S-Cell 2的开关装<br/>
置S<sub>2</sub>从导通状态(1)转换210到非导通状态(0)(由此电气隔离C-Cell 1)，<br/>
并且i增加1，即i＝i+1。此后，方法200包括确定212i≤n。只要i小于n，就<br/>
进行电压比较，并且S-Cell从右向左依次移动断开，直到i＝n。一旦i＝n，即，<br/>
S-Cell n断开，方法200进行到确定214V<sub>DC</sub>≤V<sub>ref，DC</sub>，即，通过闭合S-Cell 1用<br/>
于相脚136开始工作的充电的DC链路装置130的参考电压值。DC预充电器<br/>
152对装置130的这种充电继续进行，直到方法步骤214的条件不再得到满足，<br/>
即V<sub>ref，DC</sub>＞V<sub>DC</sub>。一旦装置130被完全充电，DC预充电器152被断电216。<br/>
				<!-- 12 -->
				
</p>
<p id="p0095" num="0095" Italic="0">图5是如方法200进行的作为时间的函数的DC链路电压中的变化图形视<br/>
图即图形250。图形250包括y轴252，表示由电压测量装置154(均示于图3)<br/>
在DC链路112上所测量的电压，其中y轴252是无单位的。图形250还包括<br/>
表示时间的x轴254，并且x轴254是无单位的。当C-Cell 134从i＝1至i＝n被<br/>
充电到相关联的规定电压时，并且当DC链路112上的电压当由电压测量装置<br/>
测量154所测量的电压稳定增加时，从i＝1到i＝n+1的相关联开关装置S从导<br/>
通状态(1)转换到非导通状态(0)。<br/>
</p>
<p id="p0096" num="0096" Italic="0">图6A是有源中性点钳位变换器(ANPC)拓扑结构的多电平变换器106(在<br/>
图2中示出)的备选电路300和备选飞跨电容预充电系统350的示意性模块化<br/>
视图，包括替换相脚336。图6B是图6A的延续。相脚336和备选的DC链路<br/>
312形成电路300。其他相脚(未示出)基本上类似。因此，相关联的电路也基<br/>
本上类似。除了最接近第二AC电源104的A相的备选的第一部分366和最接<br/>
近DC链路装置130的备选的第二部分368，电路300还包括第一子电路370和<br/>
耦合到第一子电路370的第二子电路372。第一部分366大致类似于第一部分<br/>
166(图3中示出)。第二部分368和直流链路312包括备选的正DC汇流条329、<br/>
备选的负DC汇流条331和中性DC汇流条333。由此，DC链路312和第二部<br/>
分368确定了三电平系统，并且DC链路装置330被示出为两个基本相似的装<br/>
置D<sub>DC</sub>，具有两个D<sub>DC</sub>S两端的V<sub>DC</sub>的总电压差。第一装置D<sub>DC</sub>在正DC汇流条<br/>
329和中性DC汇流条333之间延伸，以及第二装置D<sub>DC</sub>在负DC汇流条331和<br/>
中性DC汇流条333之间延伸。备选地，任意数量的装置D<sub>DC</sub>与DC链路装置<br/>
330一起使用。<br/>
</p>
<p id="p0097" num="0097" Italic="0">第一子电路370与相脚136(在图3中示出)类似。第一子电路370包括第<br/>
一导电元件362和第二导电元件364。第一导电元件362和第二导电元件364<br/>
是彼此平行的。每个切换器单元132(示出为“S-Cell”)沿元件362和364设置，<br/>
以促进通过断开和中断元件362和364的一部分而隔离相关联的电容器单元134<br/>
(示出为“C-Cel”)。在示例实施例中，存在总数为“n”个S-Cell 132以及总数为“n”<br/>
个C-Cell134，其中n是从1开始的正整数。第一开关单元132，即，S-Cell 1(n＝1)<br/>
在第一部分366定位在第一部分366最接近即接近于第二交流电源104的A相，<br/>
并且配置成相脚336的所有组件与电源104隔离。一个不同特点是，在C-Cell n<br/>
				<!-- 13 -->
				
之后，第一子电路370不包括S-Cell n+1。然而，S-Cell n+1定位在第二子电路<br/>
372。<br/>
</p>
<p id="p0098" num="0098" Italic="0">与第一子电路370是双电平电路相比，第二子电路372是三电平电路。第<br/>
二子电路包括四个导电元件，即，第三导电元件374、第四导电元件376、第五<br/>
导电元件378、第六导电元件380。在示例实施例中，第三导电元件374是正向<br/>
耦合，第六导电元件380是负向耦合，以及第四和第五导电元件376和378分<br/>
别是中性耦合。此外，第三导电元件374耦合到正DC汇流条329，第六导电元<br/>
件380耦合到负DC汇流条331，以及第四和第五导电元件376和378分别耦合<br/>
到中性DC汇流条333。此外，第三导电元件374、第四导电元件376、第五导<br/>
电元件378、第六导电元件380是彼此平行的。<br/>
</p>
<p id="p0099" num="0099" Italic="0">此外，在示例实施例中，切换器382单元，即S-Cell n+1定位在邻近的C-Cell <br/>
n。切换器单元382在图6A和6B这两个图中均被示出，以用于提供参考。S-Cell <br/>
n+1包括开关装置的S<sub>n+1，2</sub>临近C-Cell n定位，使得开关装置的S<sub>n+1，2</sub>配置成当<br/>
断开时，第一子电路370与第二子电路372电气隔离。第二下标包括2，其指示<br/>
相关联开关装置不是中性的，其中1指示它们是中性的。S-Cell n+1还包括分别<br/>
耦合到第三和第六导电元件374和380的2个开关装置S<sub>n+1，2</sub>。S-Cell n+1还包<br/>
括分别耦合到第四和第五导电元件376和378的2个开关装置S<sub>n+1，1</sub>。<br/>
</p>
<p id="p0100" num="0100" Italic="0">此外，在示例实施例中，电容单元384，即C-Cell n+1定位在S-Cell n+1和<br/>
电压测量装置154之间，使得其中S-Cell n+1处于断开位置，DC预充电器152<br/>
和电源104的A彼此电气隔离。在示例实施例中，电压测量装置154在正DC<br/>
汇流条329和负DC汇流条331之间延伸。备选地，多个电压测量装置154用<br/>
于测量多个D<sub>DC</sub>S两端的电压，其中在控制器120中对电压测量值进行求和。<br/>
C-Cell 1由两个电容器C<sub>n+1</sub>表示，其中第一电容器C<sub>n+1</sub>分别在第三和第四元件<br/>
382和384之间延伸。类似地，第二电容器C<sub>n+1</sub>分别在第五和第六元件386和<br/>
388之间延伸。开关装置386，即S-Cell n+2定位在C-Cell n+1和电压测量装置<br/>
154之间，使得一旦C-Cell n+1被适当地充电时，即达到预定的参考电压时，S-Cell <br/>
n+2配置成断开，以从DC预充电器152与C-Cell n+1隔离。S-Cell 2由开关S<sub>n+2</sub>，<br/>
<sub>2</sub>和S<sub>n+1，1</sub>以类似于S-Cell n+1相关联的S<sub>n+1，2</sub>和S<sub>n+1，1</sub>的方式表示。控制器120<br/>
根据从电压测量装置154所接收的信号生成控制信号以操作开关单元382和<br/>
				<!-- 14 -->
				
386。C-Cell n+2定位在S-Cell n+2和S-Cell n+3之间。S-Cell 386和C-Cell 384<br/>
的这种交替和串联定位持续到S-Cell n+m+1接着C-Cell n+m。<br/>
</p>
<p id="p0101" num="0101" Italic="0">图7是操作电路300的示例方法400的流程图，电路300包括相脚336、<br/>
DC链路装置330和飞跨电容预充电系统350(全部在图6B中示出)。参照图<br/>
6A、6B和7，方法400包括飞跨电容预充电系统350的初始化402的第一步骤。<br/>
初始化402包括设定第一子电路370的S-Cell 1的开关装置S<sub>1</sub>为零，即关断S-Cell<br/>
1至与非导通状态类似的开路。类似地，第二子电路372的S-Cell n+1中的开关<br/>
装置S<sub>n+1，1</sub>被断开。而且，第一子电路370的S-Cell 2的开关装置S<sub>2</sub>直到S-Cell <br/>
n的开关装置S<sub>n</sub>(未示出)被设定为1，即，类似于闭合的导通状态。类似地，<br/>
第二子电路372的S-Cell n+1的开关装置S<sub>n+1，2</sub>直到S-Cell n+m+1的开关装置<br/>
S<sub>n+m+1，2</sub>被闭合。此外，类似地，第二子电路372的S-Cell n+2中的开关装置S<sub>n+2，</sub><br/>
<sub>1</sub>直到S-Cell n+m+1的开关装置S<sub>n+m+1，1</sub>被闭合。<br/>
</p>
<p id="p0102" num="0102" Italic="0">方法400还包括对DC预充电器150供电404和由电压测量装置154测量<br/>
DC链路装置330两端的电压，发送电压信号给控制器120，并通过控制器120<br/>
确定被充电的C-Cell 1两端的电压。方法400还包括设定406i等于2(i＝2)。<br/>
此外，方法400包括通过控制器120确定408V<sub>DC</sub>≥V<sub>ref，i</sub>。确定408包括C-Cell 1<br/>
两端的预充电电压即由电压测量装置154在DC链路装置330两端测量的V<sub>DC</sub>，<br/>
大于或等于用于C-Cell 1的预定参考电压即V<sub>ref，1</sub>，其中每个电容器单元134具<br/>
有不同的参考电压V<sub>ref，i</sub>。如果这个条件不满足，控制器120在预定时间周期之<br/>
后返回到方法步骤408，直到满足条件。<br/>
</p>
<p id="p0103" num="0103" Italic="0">一旦在方法步骤408中所描述的条件被达到，方法400包括将S-Cell n+2<br/>
从导通状态(1)转换410到非导通状态(0)(由此电气隔离C-Cell 1)，并且i<br/>
增加1，即i＝i+1。此后，方法400包括确定412i≤n。只要i小于n，就进行电<br/>
压比较，并且S-Cell从右向左移动依次断开，直到i＝n。一旦i＝n，即，S-Cell n<br/>
断开，方法400返回到方法步骤410，并且产生i＝i+1，使得当i增加到n+1时，<br/>
方法步骤410的要求不再被满足。但是，S-Cell n+1(如图6A和6B所示)的所<br/>
有四个开关装置S<sub>n+1，1</sub>被断开，由此以预定预充电电压电气隔离C-Cell n。在上<br/>
述方法步骤410中，开关装置S<sub>n+1，1</sub>是断开的。由此，在方法400这一点处，第<br/>
一子电路370的所有C-Cell被充电和电气隔离，并且方法400进行隔离第二子<br/>
				<!-- 15 -->
				
电路372中的C-Cell。<br/>
</p>
<p id="p0104" num="0104" Italic="0">方法400还包括通过控制器120确定4140.5*V<sub>DC</sub>≥V<sub>ref，i</sub>。确定414包括C-Cell<br/>
n+1中的每个电容装置C<sub>n+1</sub>两端的预充电电压，即由电压测量装置154测量的<br/>
DC链路装置330两端的0.5*V<sub>DC</sub>，大于或等于用于C-Cell 1的预定参考电压即<br/>
V<sub>ref，n+1</sub>。如果这个条件不满足，控制器120在预定时间周期之后返回到方法步骤<br/>
414，直到满足条件。<br/>
</p>
<p id="p0105" num="0105" Italic="0">一旦在方法步骤414中所描述的条件被达到，方法400包括将S-Cell n+2<br/>
从导通状态(1)转换416到非导通状态(0)(由此电气隔离C-Cell n+1)，并且<br/>
i增加1，即i＝i+1。然后，方法400包括确定418i≤n+m+1。只要i小于n+m+1，<br/>
就进行电压比较，并且S-Cell从右向左移动依次断开，直到i＝n+m+1。一旦i＝<br/>
n+m+1，即，S-Cell n+m+1断开，方法400返回到方法步骤410，并且产生i＝i+1，<br/>
使当i增加到n+m+2时，方法步骤418的要求不再被满足。由此，在方法400<br/>
这一点处，第二子电路372中的所有C-Cell被充电和电气隔离，并且方法400<br/>
进行确定420V<sub>DC</sub>≤V<sub>ref，DC</sub>，即通过关闭S-Cell 1用于被充电的DC链路装置330<br/>
参考电压值用于使相角336开始工作。由DC预充电器152对装置330的该充<br/>
电继续进行，直到方法步骤420的条件不再得到满足，即V<sub>ref，DC</sub>＞V<sub>DC</sub>。一旦装<br/>
置330被完全充电，DC预充电器152被断电422。<br/>
</p>
<p id="p0106" num="0106" Italic="0">图8是包含多电平功率变换器106具有嵌套中性点试行(NPP)拓扑的备<br/>
选相脚536(在图2示出)和备选飞跨电容预充电系统550的另一个备选电路<br/>
500的示意性模块化视图。相脚536和DC链路312形成电路500。其他相脚(未<br/>
示出)基本上类似。因此，相关联的电路也基本上类似。电路500包括最接近<br/>
第二AC电源的A相的备选第一部分566和最接近DC链路装置130的备选第<br/>
二部分568。电路500是三电平电路，包括三个导电元件，即第一导电元件574、<br/>
第二导电元件576、以及第三导电元件578。在示例实施例中，第一导电元件574<br/>
是正向充电，第三导电元件578是负向充电，和第二导电元件576是中性的。<br/>
此外，第一导电元件574被耦合到正DC汇流条329，第三导电元件578被耦合<br/>
到负DC汇流条331，和第二导电元件576被耦合到中性DC汇流条333。此外，<br/>
第一导电元件574、第二导电元件576、以及第三导电元件578是相互平行的。<br/>
</p>
<p id="p0107" num="0107" Italic="0">在示例实施例中，电路500还包括多个基本类似的切换器单元582(显示为<br/>
				<!-- 16 -->
				
“S-Cell”)和多个基本类似的电容器单元584(示出为“C-Cell”)。每个切换器单<br/>
元582沿元件574、576和578定位，以促进通过断开和中断元件574、576，和<br/>
578的一部分隔离相关联的电容器单元584。在示例实施例中，存在总数为“n+1”<br/>
个的S-Cell 582以及总数为共“n”个C单元584，其中n是从1开始的正整数。<br/>
第一开关单元582，即S-Cell 1(n＝1)定位在第一部分566最接近即接近于第二<br/>
交流电流104的A相，并且配置成相脚536的所有元件与电源104隔离。<br/>
</p>
<p id="p0108" num="0108" Italic="0">此外，在示例实施例中，每个开关单元582包括耦合到第一元件574的开<br/>
关装置S<sub>i，1</sub>、耦合到第三元件578的的开关装置S<sub>i，1</sub>和耦合到第二元件576的一<br/>
对串联的开关装置S<sub>i，2</sub>。第二个下标包括2，指示相关联的开关装置是中性的，<br/>
其中1指示它们不是中性的。第一切换器单元582即S-Cell 1(n＝1)定位在第<br/>
一部分566最接近即接近于第二交流电源104的A相，并且配置成相脚536的<br/>
所有元件与电源104隔离。<br/>
</p>
<p id="p0109" num="0109" Italic="0">此外，在示例实施例中，第一电容单元584，即C-Cell 1定位在S-Cell 1和<br/>
电压测量装置154之间，使得其中S-Cell 1处于断开位置，DC预充电器152与<br/>
电源104的A相彼此电气隔离。C-Cell 1由两个电容器C<sub>1</sub>表示，其中第一电容<br/>
器C<sub>1</sub>分别在第一和第二元件574和576之间延伸。类似地，第二电容器C<sub>1</sub>分别<br/>
在第二和第三元件576和578之间延伸。第二开关装置586，即S-Cell 2定位在<br/>
C-Cell 1与电压测量装置154之间，从而一旦C-Cell 1被适当地充电，即达到预<br/>
定参考电压时，S-Cell 2配置成断开，以将DC预充电器582与C-Cell 1隔离。<br/>
S-Cell 582和C-Cell 584的这种交替和串联定位继续，直到S-Cell n+1接着C-Cell <br/>
n。控制器120根据从电压测量装置154接收的信号生成控制信号以操作开关单<br/>
元582。<br/>
</p>
<p id="p0110" num="0110" Italic="0">图9是操作电路500的示例方法600的流程图，电路500包括相脚536、<br/>
DC链路装置530以及飞跨电容预充电系统550(全部示于图8)。参照图8和9，<br/>
方法600包括飞跨电容预充电系统550的初始化602的第一步骤。初始化602<br/>
包括设定S-Cell 1的开关装置S<sub>1，1</sub>和S<sub>1，2</sub>为零，即关断S-Cell 1至与非导通状态<br/>
类似的开路。此外，S-Cell 2的开关装置S<sub>2，1</sub>直到S-Cell n+1的开关装置S<sub>n+1，1</sub><br/>
设定为1，即，类似于闭合的导通状态。而且，S-Cell 2的开关装置S<sub>2，2</sub>直到S-Cell <br/>
n+1的开关装置S<sub>n+1，2</sub>设定为0。<br/>
				<!-- 17 -->
				
</p>
<p id="p0111" num="0111" Italic="0">方法600还包括对DC预充电器150供电604和由电压测量装置154测量<br/>
的DC链路装置530两端的电压，发送电压信号到控制器120，并通过控制器<br/>
120确定所充电的C-Cell 1两端的电压。方法600进一步包括设定606i等于2<br/>
(i＝2)。此外，方法600包括通过控制器120确定6080.5*V<sub>DC</sub>≥V<sub>ref，i</sub>。如果这<br/>
个条件不满足，控制器120在预定时间周期之后返回到方法步骤608，直到满足<br/>
条件。<br/>
</p>
<p id="p0112" num="0112" Italic="0">一旦方法步骤608中所描述的条件被达到，方法600包括将S-Cell 2从导通<br/>
状态(1)转换610到非导通状态(0)(由此电气隔离C-Cell 1)，并且i增加1，<br/>
即i＝i+1。然后，方法600包括612，确定i≤n。只要i小于n，就进行电压比较，<br/>
并且S-Cell从右向左依次断开，直到i＝n+1。一旦i＝n，即，S-Cell n+1断开，方<br/>
法600返回到方法步骤610，并且生成i＝i+1，使得当i增加到n+2时，方法步<br/>
骤610的要求不再得到满足。由此，在方法600这一点处，所有C-Cell在相脚<br/>
536被充电和电气隔离，并且方法600进行确定614V<sub>DC</sub>≤V<sub>ref，DC</sub>，即通过关闭<br/>
S-Cell n+1用于被充电的DC链路装置530参考电压值用于使相角536开始工作。<br/>
DC预充电器152对装置530的这种充电继续，直到方法步骤614的条件不再得<br/>
到满足，即V<sub>ref，DC</sub>＞V<sub>DC</sub>。一旦装置530被完全充电，DC预充电器152被断电<br/>
616。<br/>
</p>
<p id="p0113" num="0113" Italic="0">上述多电平功率变换器提供用于在相关联的多电平变换器投入服务时在预<br/>
充电期间监测飞跨电容器的操作所需的电压传感器的数量。而且，如在本公开<br/>
的示例实施例指示，本文所描述的系统和方法不限于任何单个的多电平变换器<br/>
拓扑。例如，本文公开的系统和方法可与多单元变换器(MC)拓扑、堆栈多单<br/>
元变换器(SMC)拓扑、有源中性点钳位(ANPC)变换器拓扑和嵌套中性点<br/>
试行(NPP)变换器拓扑一起使用。同样，用于飞跨电容器的电压传感器的数<br/>
量被减少，并且到相关联控制器的输入/输出(I/O)通道的数量减少，由此减小<br/>
了相关的电缆和线路。因此，配置成本和相关联的处理资源被减少。因此，装<br/>
配多电平变换器的成本减少。<br/>
</p>
<p id="p0114" num="0114" Italic="0">本文所描述的方法、系统和装置的示例性技术效果包括下列中的至少一个：<br/>
(a)减小在多电平变换器使用的电压传感器的数量；(b)顺序地预充电，并且<br/>
然后使用DC链路两端的电压测量装置在多电平变换器的各个相脚电气隔离飞<br/>
				<!-- 18 -->
				
跨电容器至预定的电压电平作为用于每个飞跨电容器的单个电压指示；(c)减<br/>
小I/O通道的数量和相关联的布线和控制器配置努力；和(d)降低需要预防和<br/>
校正维护部件的数量。<br/>
</p>
<p id="p0115" num="0115" Italic="0">用于操作电力变换系统的方法、系统和装置的示例实施例不限于本文描述<br/>
的具体实施例，而是，系统和/或方法步骤的组件可与本文所描述的其他组件的<br/>
和/或步骤独立地及分开地使用。例如，所述方法、系统和装置也可以与在功率<br/>
变换器投入服务之前需要预充电的其他系统组合使用，并且不限于仅使用如本<br/>
文所述的这些系统和方法来实施。而是，示例实施例能够与从没有用于各电容<br/>
器的电压测量装置的预充电电容受益的许多其他应用、装置和系统结合被实现<br/>
和应用，例如，并且没有例外，变速驱动器(VSD)。<br/>
</p>
<p id="p0116" num="0116" Italic="0">虽然本公开的各种实施例的具体特征可在一些附图而不在其他附图中显<br/>
示，但这仅是为了方便。根据本公开的原理，结合任何其他附图的任何特征，<br/>
附图的任何特征可以被参照和/或被主张。<br/>
</p>
<p id="p0117" num="0117" Italic="0">一些实施例涉及使用一个或多个电子或计算装置。这类装置通常包括处理<br/>
器或控制器，例如通用中央处理单元(CPU)、图形处理单元(GPU)、微控制<br/>
器、精简指令集计算机(RISC)处理器、专用集成电路(ASIC)、可编程逻辑<br/>
电路(PLC)和/或能够运行本文描述的功能的任何其他电路或处理器。本文描<br/>
述的方法可编码为包含在计算机可读介质中的可运行指令，包括，但不限于，<br/>
存储装置和/或存储器装置。当由处理器执行时，这类指令使所述处理器至少执<br/>
行本文描述方法的一部分。上述实例只是示例性的，并且因而并不旨在以任何<br/>
方式限制术语处理器的定义和/或含义。<br/>
</p>
<p id="p0118" num="0118" Italic="0">本书面描述使用示例来公开包括最佳模式的本发明，并还使本领域技术人<br/>
员能实践本发明，包括制作和使用任何装置或系统及执行任何结合的方法。本<br/>
发明可专利范围由权利要求限定，且可包括本领域技术人员想到的其它示例。<br/>
如果此类其它示例具有与权利要求文字语言无不同的结构要素，或者如果它们<br/>
包括与权利要求的文字语言无实质不同的等效结构要素，则它们规定为在该权<br/>
利要求的范围之内。<br/>
</p>
<p id="p0119" num="0119" Italic="0">附图标记说明<br/>
</p>
<p id="p0120" num="0120" Italic="0"><img id="idf0001" file="BSA0000126913730000191.tif" wi="167" he="7" top="264" left="22" img-content="drawing" img-format="tif" orientation="portrait" inline="no"/><br/>
				<!-- 19 -->
				
</p>
<p id="p0121" num="0121" Italic="0"><img id="idf0002" file="BSA0000126913730000201.tif" wi="166" he="237" top="29" left="22" img-content="drawing" img-format="tif" orientation="portrait" inline="no"/><br/>
				<!-- 20 -->
				
</p>
<p id="p0122" num="0122" Italic="0"><img id="idf0003" file="BSA0000126913730000211.tif" wi="166" he="65" top="29" left="22" img-content="drawing" img-format="tif" orientation="portrait" inline="no"/><br/>
				<!-- 21 -->
				
</p>
	</description>
</cn-application-body>