<?xml version="1.0" encoding="UTF-8"?>
<!DOCTYPE cn-application-body SYSTEM "/dtdandxsl/cn-application-body-20080416.dtd"><?xml-stylesheet type="text/xsl" href="/dtdandxsl/showxml.xsl"?><cn-application-body lang="zh" country="CN">
	<cn-abstract>
<p id="p0001" num="0001" Italic="0">本发明题为用于操作功率变换器的系统和方法。一种用于功率变换器的电<br/>
路，包括最接近交流(AC)电源的所述导电元件的第一开关装置。所述电路还<br/>
包括最接近直流(DC)链路的电压测量装置，并且在所述AC电源和所述直流<br/>
链路之间延伸。所述电路进一步包括DC电压源和第一电容装置。所述第一电<br/>
容装置定位在所述第一开关装置和所述电压测量装置之间。所述电路进一步包<br/>
括定位在所述第一电容装置和所述电压测量装置之间的第二开关装置。所述电<br/>
路还包括操作地耦合到所述DC电压源、所述电压测量装置、所述第一开关装<br/>
置和所述第二开关装置的控制器。所述控制器配置成当由所述电压测量装置生<br/>
成的所测量电压信号基本上表示参考电压值时，断开所述第二开关装置。<br/>
				<!-- 1 -->
				
</p>
	</cn-abstract>
</cn-application-body>