<?xml version="1.0" encoding="UTF-8"?>
<!DOCTYPE cn-application-body SYSTEM "/dtdandxsl/cn-application-body-20080416.dtd"><?xml-stylesheet type="text/xsl" href="/dtdandxsl/showxml.xsl"?><cn-application-body lang="zh" country="CN">
	<cn-abstract>
<p id="p0001" num="0001" Italic="0">本发明公开了属于温差发电技术领域的一种利用螺杆式空压机、膨胀机的液<br/>
体温差发电系统，包括顺序相连的高压气体缓冲罐、螺杆式膨胀机、第一气液分<br/>
离罐、第一迁移机构、低压气体缓冲罐、螺杆式空压机、第二气液分离罐和第二<br/>
迁移机构；储存有第一温度范围液体的第一液体罐的出口分别与螺杆式膨胀机和<br/>
高压气体缓冲罐的液体入口相连；第一气液分离罐的液体出口通过第一发电机与<br/>
第一液体罐相连；储存有第一温度范围液体的第二液体罐的出口与螺杆式空压机<br/>
和低压气体缓冲罐的液体入口相连；第二气液分离罐的液体出口通过第二发电机<br/>
与第二液体罐相连；本发明在实现卡诺循环的基础上利用废弃掉的能源进行发电，<br/>
同时减少资源的浪费与污染。<br/>
				<!-- 1 -->
				
</p>
	</cn-abstract>
</cn-application-body>